Unique_ID,Datetime,Latitude,Longitude,Wind Speed (kt),Pressure (mb),Status
WP2013_01,2013-01-01 00:00:00,5.0,140.7,15.0,1010.0,DB
WP2013_01,2013-01-01 06:00:00,5.0,138.5,15.0,1010.0,DB
WP2013_01,2013-01-01 12:00:00,5.0,136.3,15.0,1010.0,DB
WP2013_01,2013-01-01 18:00:00,5.7,134.2,15.0,1010.0,DB
WP2013_01,2013-01-02 00:00:00,6.4,132.1,15.0,1010.0,DB
WP2013_01,2013-01-02 06:00:00,7.0,130.0,15.0,1010.0,DB
WP2013_01,2013-01-02 12:00:00,7.8,127.9,20.0,1007.0,DB
WP2013_01,2013-01-02 18:00:00,8.3,126.0,20.0,1005.0,DB
WP2013_01,2013-01-03 00:00:00,8.7,123.9,20.0,1007.0,DB
WP2013_01,2013-01-03 06:00:00,9.0,121.4,20.0,1007.0,DB
WP2013_01,2013-01-03 12:00:00,8.5,119.6,30.0,1000.0,TD
WP2013_01,2013-01-03 18:00:00,8.5,118.1,30.0,1000.0,TD
WP2013_01,2013-01-04 00:00:00,8.7,116.6,35.0,996.0,TS
WP2013_01,2013-01-04 06:00:00,8.5,115.3,35.0,996.0,TS
WP2013_01,2013-01-04 12:00:00,8.2,114.2,35.0,996.0,TS
WP2013_01,2013-01-04 18:00:00,8.3,113.2,35.0,996.0,TS
WP2013_01,2013-01-05 00:00:00,7.9,112.2,40.0,993.0,TS
WP2013_01,2013-01-05 06:00:00,7.8,111.4,40.0,993.0,TS
WP2013_01,2013-01-05 12:00:00,7.6,110.8,40.0,993.0,TS
WP2013_01,2013-01-05 18:00:00,7.3,110.3,40.0,993.0,TS
WP2013_01,2013-01-06 00:00:00,7.5,110.4,40.0,993.0,TS
WP2013_01,2013-01-06 06:00:00,7.6,109.8,40.0,993.0,TS
WP2013_01,2013-01-06 12:00:00,7.2,109.2,40.0,993.0,TS
WP2013_01,2013-01-06 18:00:00,6.6,108.8,40.0,993.0,TS
WP2013_01,2013-01-07 00:00:00,6.5,108.5,40.0,993.0,TS
WP2013_01,2013-01-07 06:00:00,6.4,108.4,35.0,996.0,TS
WP2013_01,2013-01-07 12:00:00,6.1,108.4,30.0,1000.0,TD
WP2013_01,2013-01-07 18:00:00,5.8,108.5,30.0,1000.0,TD
WP2013_01,2013-01-08 00:00:00,5.9,108.6,25.0,1004.0,TD
WP2013_02,2013-02-19 18:00:00,6.8,121.9,20.0,1007.0,DB
WP2013_02,2013-02-20 00:00:00,7.1,121.5,20.0,1007.0,DB
WP2013_02,2013-02-20 06:00:00,7.4,120.7,20.0,1007.0,DB
WP2013_02,2013-02-20 12:00:00,7.7,119.5,20.0,1007.0,DB
WP2013_02,2013-02-20 18:00:00,7.9,118.3,20.0,1007.0,DB
WP2013_02,2013-02-21 00:00:00,8.1,116.5,20.0,1007.0,DB
WP2013_02,2013-02-21 06:00:00,8.2,114.4,20.0,1007.0,DB
WP2013_02,2013-02-21 12:00:00,8.0,112.0,20.0,1007.0,DB
WP2013_02,2013-02-21 18:00:00,6.6,109.7,25.0,1004.0,TD
WP2013_02,2013-02-22 00:00:00,5.7,109.4,25.0,1004.0,TD
WP2013_02,2013-02-22 06:00:00,5.3,109.8,25.0,1004.0,TD
WP2013_02,2013-02-22 12:00:00,4.7,110.0,20.0,1007.0,DB
WP2013_02,2013-02-22 18:00:00,4.3,109.7,20.0,1007.0,DB
WP2013_02,2013-02-23 00:00:00,3.9,109.3,20.0,1005.0,DB
WP2013_02,2013-02-23 06:00:00,3.4,109.5,20.0,1007.0,DB
WP2013_03,2013-06-07 12:00:00,16.3,129.9,15.0,1010.0,DB
WP2013_03,2013-06-07 18:00:00,16.6,129.2,15.0,1010.0,DB
WP2013_03,2013-06-08 00:00:00,17.2,129.0,20.0,1004.0,DB
WP2013_03,2013-06-08 06:00:00,17.5,129.6,25.0,1004.0,TD
WP2013_03,2013-06-08 12:00:00,17.8,130.2,25.0,1001.0,TD
WP2013_03,2013-06-08 18:00:00,19.0,130.9,35.0,996.0,TS
WP2013_03,2013-06-09 00:00:00,20.0,131.2,35.0,996.0,TS
WP2013_03,2013-06-09 06:00:00,20.6,131.7,35.0,996.0,TS
WP2013_03,2013-06-09 12:00:00,21.1,132.3,35.0,996.0,TS
WP2013_03,2013-06-09 18:00:00,21.8,133.2,35.0,996.0,TS
WP2013_03,2013-06-10 00:00:00,22.6,133.5,40.0,993.0,TS
WP2013_03,2013-06-10 06:00:00,23.5,134.4,45.0,989.0,TS
WP2013_03,2013-06-10 12:00:00,24.6,135.3,50.0,985.0,TS
WP2013_03,2013-06-10 18:00:00,26.2,135.9,55.0,982.0,TS
WP2013_03,2013-06-11 00:00:00,27.8,136.3,50.0,985.0,TS
WP2013_03,2013-06-11 00:00:00,27.8,136.3,50.0,985.0,TS
WP2013_03,2013-06-11 06:00:00,29.3,136.7,50.0,985.0,TS
WP2013_03,2013-06-11 12:00:00,30.4,136.9,45.0,989.0,TS
WP2013_03,2013-06-11 18:00:00,30.7,137.0,40.0,993.0,TS
WP2013_03,2013-06-12 00:00:00,30.9,137.2,35.0,996.0,TS
WP2013_03,2013-06-12 06:00:00,30.9,138.0,30.0,1000.0,TD
WP2013_03,2013-06-12 12:00:00,31.2,138.9,25.0,1004.0,TD
WP2013_03,2013-06-12 18:00:00,31.9,139.5,25.0,1004.0,TD
WP2013_03,2013-06-13 00:00:00,32.3,139.7,25.0,1004.0,TD
WP2013_03,2013-06-13 06:00:00,32.6,139.4,25.0,1004.0,SD
WP2013_03,2013-06-13 12:00:00,32.5,139.0,25.0,1004.0,SD
WP2013_03,2013-06-13 18:00:00,32.1,138.8,20.0,1007.0,EX
WP2013_03,2013-06-14 00:00:00,31.0,139.3,20.0,1007.0,EX
WP2013_03,2013-06-14 06:00:00,30.7,139.6,20.0,1007.0,EX
WP2013_03,2013-06-14 12:00:00,30.7,139.8,20.0,1007.0,EX
WP2013_03,2013-06-14 18:00:00,30.8,140.0,20.0,1007.0,EX
WP2013_03,2013-06-15 00:00:00,30.9,140.2,20.0,1007.0,EX
WP2013_03,2013-06-15 06:00:00,30.8,140.5,15.0,1010.0,EX
WP2013_04,2013-06-16 06:00:00,11.6,127.8,15.0,1010.0,DB
WP2013_04,2013-06-16 12:00:00,12.1,127.5,15.0,1010.0,DB
WP2013_04,2013-06-16 18:00:00,12.6,127.2,20.0,1004.0,DB
WP2013_04,2013-06-17 00:00:00,13.2,126.9,20.0,1002.0,DB
WP2013_04,2013-06-17 06:00:00,13.9,126.8,20.0,1002.0,DB
WP2013_04,2013-06-17 12:00:00,14.8,126.7,25.0,1004.0,TD
WP2013_04,2013-06-17 18:00:00,15.8,126.6,25.0,999.0,TD
WP2013_04,2013-06-18 00:00:00,16.9,126.5,30.0,998.0,TD
WP2013_04,2013-06-18 06:00:00,18.1,126.4,30.0,1000.0,TD
WP2013_04,2013-06-18 12:00:00,19.2,126.2,35.0,996.0,TS
WP2013_04,2013-06-18 18:00:00,20.0,126.0,35.0,996.0,TS
WP2013_04,2013-06-19 00:00:00,21.2,125.9,35.0,996.0,TS
WP2013_04,2013-06-19 06:00:00,22.5,125.6,35.0,996.0,TS
WP2013_04,2013-06-19 12:00:00,23.8,125.3,35.0,996.0,TS
WP2013_04,2013-06-19 18:00:00,25.1,124.9,35.0,996.0,TS
WP2013_04,2013-06-20 00:00:00,27.0,125.0,35.0,996.0,TS
WP2013_04,2013-06-20 06:00:00,29.0,125.4,35.0,996.0,TS
WP2013_04,2013-06-20 12:00:00,30.1,125.7,30.0,1000.0,EX
WP2013_04,2013-06-20 18:00:00,31.1,126.2,25.0,1002.0,EX
WP2013_04,2013-06-21 00:00:00,32.0,127.6,25.0,1003.0,EX
WP2013_05,2013-06-19 18:00:00,14.6,116.7,15.0,1010.0,DB
WP2013_05,2013-06-20 00:00:00,15.0,117.5,20.0,1001.0,DB
WP2013_05,2013-06-20 06:00:00,15.6,117.8,20.0,1007.0,DB
WP2013_05,2013-06-20 12:00:00,16.6,117.8,30.0,1000.0,TD
WP2013_05,2013-06-20 18:00:00,17.6,117.3,30.0,1000.0,TD
WP2013_05,2013-06-21 00:00:00,18.2,116.2,30.0,1000.0,TD
WP2013_05,2013-06-21 06:00:00,18.8,115.4,30.0,1000.0,TD
WP2013_05,2013-06-21 12:00:00,19.3,114.4,35.0,996.0,TS
WP2013_05,2013-06-21 18:00:00,19.3,113.0,35.0,996.0,TS
WP2013_05,2013-06-22 00:00:00,19.4,111.4,35.0,996.0,TS
WP2013_05,2013-06-22 06:00:00,19.5,110.1,30.0,1000.0,TD
WP2013_05,2013-06-22 12:00:00,19.6,109.2,25.0,1004.0,TD
WP2013_05,2013-06-22 18:00:00,19.2,108.4,25.0,998.0,TD
WP2013_05,2013-06-23 00:00:00,19.3,107.5,25.0,998.0,TD
WP2013_05,2013-06-23 06:00:00,19.8,106.6,25.0,1004.0,TD
WP2013_05,2013-06-23 12:00:00,20.4,106.2,20.0,1007.0,DB
WP2013_05,2013-06-23 18:00:00,20.8,105.8,20.0,1000.0,DB
WP2013_05,2013-06-24 00:00:00,21.1,105.5,20.0,1007.0,DB
WP2013_06,2013-06-27 12:00:00,8.8,131.3,15.0,1010.0,DB
WP2013_06,2013-06-27 18:00:00,9.0,130.2,20.0,1005.0,DB
WP2013_06,2013-06-28 00:00:00,9.4,129.3,20.0,1007.0,DB
WP2013_06,2013-06-28 06:00:00,10.0,128.5,25.0,1004.0,TD
WP2013_06,2013-06-28 12:00:00,10.7,127.7,30.0,1000.0,TD
WP2013_06,2013-06-28 18:00:00,11.2,126.8,30.0,1000.0,TD
WP2013_06,2013-06-29 00:00:00,11.9,125.4,30.0,1000.0,TD
WP2013_06,2013-06-29 06:00:00,12.5,124.0,35.0,996.0,TS
WP2013_06,2013-06-29 12:00:00,13.5,122.7,35.0,996.0,TS
WP2013_06,2013-06-29 18:00:00,14.1,121.2,35.0,996.0,TS
WP2013_06,2013-06-30 00:00:00,14.7,119.7,35.0,996.0,TS
WP2013_06,2013-06-30 06:00:00,15.5,118.5,40.0,993.0,TS
WP2013_06,2013-06-30 12:00:00,16.7,117.1,45.0,989.0,TS
WP2013_06,2013-06-30 18:00:00,17.7,115.5,45.0,989.0,TS
WP2013_06,2013-07-01 00:00:00,18.3,113.9,55.0,982.0,TS
WP2013_06,2013-07-01 00:00:00,18.3,113.9,55.0,982.0,TS
WP2013_06,2013-07-01 06:00:00,19.1,112.6,60.0,978.0,TS
WP2013_06,2013-07-01 06:00:00,19.1,112.6,60.0,978.0,TS
WP2013_06,2013-07-01 12:00:00,19.8,111.6,70.0,970.0,TY
WP2013_06,2013-07-01 12:00:00,19.8,111.6,70.0,970.0,TY
WP2013_06,2013-07-01 18:00:00,20.4,110.5,60.0,978.0,TS
WP2013_06,2013-07-01 18:00:00,20.4,110.5,60.0,978.0,TS
WP2013_06,2013-07-02 00:00:00,21.5,109.8,55.0,982.0,TS
WP2013_06,2013-07-02 00:00:00,21.5,109.8,55.0,982.0,TS
WP2013_06,2013-07-02 06:00:00,22.6,109.0,40.0,993.0,TS
WP2013_07,2013-07-06 00:00:00,19.9,156.2,20.0,1007.0,DB
WP2013_07,2013-07-06 06:00:00,19.8,154.9,20.0,1007.0,DB
WP2013_07,2013-07-06 12:00:00,19.8,153.6,20.0,1007.0,DB
WP2013_07,2013-07-06 18:00:00,19.8,152.1,20.0,1007.0,DB
WP2013_07,2013-07-07 00:00:00,20.0,150.6,20.0,1007.0,DB
WP2013_07,2013-07-07 06:00:00,19.7,149.4,20.0,1007.0,DB
WP2013_07,2013-07-07 12:00:00,19.3,148.3,25.0,1004.0,TD
WP2013_07,2013-07-07 18:00:00,19.1,147.1,30.0,1000.0,TD
WP2013_07,2013-07-08 00:00:00,19.2,145.5,35.0,996.0,TS
WP2013_07,2013-07-08 06:00:00,19.1,143.9,45.0,989.0,TS
WP2013_07,2013-07-08 12:00:00,19.3,142.7,60.0,978.0,TS
WP2013_07,2013-07-08 12:00:00,19.3,142.7,60.0,978.0,TS
WP2013_07,2013-07-08 18:00:00,19.5,141.5,70.0,970.0,TY
WP2013_07,2013-07-08 18:00:00,19.5,141.5,70.0,970.0,TY
WP2013_07,2013-07-09 00:00:00,19.6,140.4,75.0,967.0,TY
WP2013_07,2013-07-09 00:00:00,19.6,140.4,75.0,967.0,TY
WP2013_07,2013-07-09 00:00:00,19.6,140.4,75.0,967.0,TY
WP2013_07,2013-07-09 06:00:00,19.9,139.4,85.0,959.0,TY
WP2013_07,2013-07-09 06:00:00,19.9,139.4,85.0,959.0,TY
WP2013_07,2013-07-09 06:00:00,19.9,139.4,85.0,959.0,TY
WP2013_07,2013-07-09 12:00:00,20.3,138.3,100.0,948.0,TY
WP2013_07,2013-07-09 12:00:00,20.3,138.3,100.0,948.0,TY
WP2013_07,2013-07-09 12:00:00,20.3,138.3,100.0,948.0,TY
WP2013_07,2013-07-09 18:00:00,20.7,137.1,115.0,937.0,TY
WP2013_07,2013-07-09 18:00:00,20.7,137.1,115.0,937.0,TY
WP2013_07,2013-07-09 18:00:00,20.7,137.1,115.0,937.0,TY
WP2013_07,2013-07-10 00:00:00,21.1,135.9,125.0,929.0,TY
WP2013_07,2013-07-10 00:00:00,21.1,135.9,125.0,929.0,TY
WP2013_07,2013-07-10 00:00:00,21.1,135.9,125.0,929.0,TY
WP2013_07,2013-07-10 06:00:00,21.5,134.7,125.0,929.0,TY
WP2013_07,2013-07-10 06:00:00,21.5,134.7,125.0,929.0,TY
WP2013_07,2013-07-10 06:00:00,21.5,134.7,125.0,929.0,TY
WP2013_07,2013-07-10 12:00:00,21.8,133.5,125.0,929.0,TY
WP2013_07,2013-07-10 12:00:00,21.8,133.5,125.0,929.0,TY
WP2013_07,2013-07-10 12:00:00,21.8,133.5,125.0,929.0,TY
WP2013_07,2013-07-10 18:00:00,22.0,132.2,115.0,937.0,TY
WP2013_07,2013-07-10 18:00:00,22.0,132.2,115.0,937.0,TY
WP2013_07,2013-07-10 18:00:00,22.0,132.2,115.0,937.0,TY
WP2013_07,2013-07-11 00:00:00,22.1,130.9,105.0,944.0,TY
WP2013_07,2013-07-11 00:00:00,22.1,130.9,105.0,944.0,TY
WP2013_07,2013-07-11 00:00:00,22.1,130.9,105.0,944.0,TY
WP2013_07,2013-07-11 06:00:00,22.3,129.6,95.0,952.0,TY
WP2013_07,2013-07-11 06:00:00,22.3,129.6,95.0,952.0,TY
WP2013_07,2013-07-11 06:00:00,22.3,129.6,95.0,952.0,TY
WP2013_07,2013-07-11 12:00:00,22.4,128.3,95.0,952.0,TY
WP2013_07,2013-07-11 12:00:00,22.4,128.3,95.0,952.0,TY
WP2013_07,2013-07-11 12:00:00,22.4,128.3,95.0,952.0,TY
WP2013_07,2013-07-11 18:00:00,22.5,127.0,95.0,952.0,TY
WP2013_07,2013-07-11 18:00:00,22.5,127.0,95.0,952.0,TY
WP2013_07,2013-07-11 18:00:00,22.5,127.0,95.0,952.0,TY
WP2013_07,2013-07-12 00:00:00,22.7,125.8,90.0,956.0,TY
WP2013_07,2013-07-12 00:00:00,22.7,125.8,90.0,956.0,TY
WP2013_07,2013-07-12 00:00:00,22.7,125.8,90.0,956.0,TY
WP2013_07,2013-07-12 06:00:00,23.3,124.8,90.0,956.0,TY
WP2013_07,2013-07-12 06:00:00,23.3,124.8,90.0,956.0,TY
WP2013_07,2013-07-12 06:00:00,23.3,124.8,90.0,956.0,TY
WP2013_07,2013-07-12 12:00:00,24.0,123.7,80.0,963.0,TY
WP2013_07,2013-07-12 12:00:00,24.0,123.7,80.0,963.0,TY
WP2013_07,2013-07-12 12:00:00,24.0,123.7,80.0,963.0,TY
WP2013_07,2013-07-12 18:00:00,24.8,122.4,80.0,963.0,TY
WP2013_07,2013-07-12 18:00:00,24.8,122.4,80.0,963.0,TY
WP2013_07,2013-07-12 18:00:00,24.8,122.4,80.0,963.0,TY
WP2013_07,2013-07-13 00:00:00,24.6,120.8,75.0,967.0,TY
WP2013_07,2013-07-13 00:00:00,24.6,120.8,75.0,967.0,TY
WP2013_07,2013-07-13 00:00:00,24.6,120.8,75.0,967.0,TY
WP2013_07,2013-07-13 06:00:00,25.9,120.1,70.0,970.0,TY
WP2013_07,2013-07-13 06:00:00,25.9,120.1,70.0,970.0,TY
WP2013_07,2013-07-13 06:00:00,25.9,120.1,70.0,970.0,TY
WP2013_07,2013-07-13 12:00:00,26.0,118.4,50.0,985.0,TS
WP2013_08,2013-07-14 18:00:00,14.6,127.3,15.0,1010.0,DB
WP2013_08,2013-07-15 00:00:00,14.4,126.5,20.0,1006.0,DB
WP2013_08,2013-07-15 06:00:00,14.4,125.8,20.0,1006.0,DB
WP2013_08,2013-07-15 12:00:00,14.5,125.2,25.0,1004.0,TD
WP2013_08,2013-07-15 18:00:00,14.7,124.9,25.0,1004.0,TD
WP2013_08,2013-07-16 00:00:00,15.1,124.6,30.0,1000.0,TD
WP2013_08,2013-07-16 06:00:00,15.7,124.2,30.0,1000.0,TD
WP2013_08,2013-07-16 12:00:00,16.5,123.6,35.0,996.0,TS
WP2013_08,2013-07-16 18:00:00,17.4,122.8,35.0,996.0,TS
WP2013_08,2013-07-17 00:00:00,18.3,122.0,35.0,996.0,TS
WP2013_08,2013-07-17 06:00:00,19.6,120.9,40.0,993.0,TS
WP2013_08,2013-07-17 12:00:00,20.4,119.3,40.0,993.0,TS
WP2013_08,2013-07-17 18:00:00,21.3,118.3,40.0,993.0,TS
WP2013_08,2013-07-18 00:00:00,22.1,117.7,40.0,993.0,TS
WP2013_08,2013-07-18 06:00:00,22.8,117.3,35.0,996.0,TS
WP2013_08,2013-07-18 12:00:00,23.7,117.5,35.0,996.0,TS
WP2013_08,2013-07-18 18:00:00,24.9,117.6,25.0,1004.0,TD
WP2013_08,2013-07-19 00:00:00,25.3,117.5,20.0,1007.0,DB
WP2013_09,2013-07-30 12:00:00,14.5,117.6,20.0,1007.0,DB
WP2013_09,2013-07-30 18:00:00,14.6,117.0,25.0,1004.0,TD
WP2013_09,2013-07-31 00:00:00,14.8,116.3,30.0,1000.0,TD
WP2013_09,2013-07-31 06:00:00,15.1,115.5,30.0,1000.0,TD
WP2013_09,2013-07-31 12:00:00,15.2,114.8,35.0,996.0,TS
WP2013_09,2013-07-31 18:00:00,15.2,114.4,35.0,996.0,TS
WP2013_09,2013-08-01 00:00:00,15.6,114.1,35.0,996.0,TS
WP2013_09,2013-08-01 06:00:00,16.1,113.6,35.0,996.0,TS
WP2013_09,2013-08-01 12:00:00,16.5,113.3,45.0,989.0,TS
WP2013_09,2013-08-01 18:00:00,17.0,112.9,50.0,985.0,TS
WP2013_09,2013-08-02 00:00:00,17.8,112.8,55.0,982.0,TS
WP2013_09,2013-08-02 06:00:00,18.8,111.8,60.0,978.0,TS
WP2013_09,2013-08-02 06:00:00,18.8,111.8,60.0,978.0,TS
WP2013_09,2013-08-02 12:00:00,19.8,110.7,55.0,982.0,TS
WP2013_09,2013-08-02 18:00:00,20.5,109.2,55.0,982.0,TS
WP2013_09,2013-08-03 00:00:00,21.1,108.0,50.0,985.0,TS
WP2013_09,2013-08-03 06:00:00,21.6,106.3,45.0,989.0,TS
WP2013_09,2013-08-03 12:00:00,22.3,104.4,35.0,996.0,TS
WP2013_10,2013-08-05 00:00:00,11.2,119.1,15.0,1010.0,DB
WP2013_10,2013-08-05 06:00:00,11.2,116.8,20.0,1004.0,DB
WP2013_10,2013-08-05 12:00:00,12.1,115.1,20.0,1004.0,DB
WP2013_10,2013-08-05 18:00:00,13.0,113.5,25.0,1003.0,TD
WP2013_10,2013-08-06 00:00:00,13.7,112.2,30.0,1000.0,TD
WP2013_10,2013-08-06 06:00:00,14.8,111.3,30.0,1000.0,TD
WP2013_10,2013-08-06 12:00:00,16.0,110.6,35.0,996.0,TS
WP2013_10,2013-08-06 18:00:00,17.0,109.6,35.0,996.0,TS
WP2013_10,2013-08-07 00:00:00,18.0,108.6,40.0,993.0,TS
WP2013_10,2013-08-07 06:00:00,18.7,107.3,45.0,989.0,TS
WP2013_10,2013-08-07 12:00:00,19.4,106.2,40.0,993.0,TS
WP2013_10,2013-08-07 18:00:00,19.7,105.1,30.0,1000.0,TD
WP2013_10,2013-08-08 00:00:00,19.8,104.1,25.0,1004.0,TD
WP2013_10,2013-08-08 06:00:00,21.0,103.6,20.0,1007.0,DB
WP2013_11,2013-08-08 06:00:00,12.2,137.3,15.0,1010.0,DB
WP2013_11,2013-08-08 12:00:00,12.3,136.6,20.0,1005.0,DB
WP2013_11,2013-08-08 18:00:00,12.8,136.0,20.0,1007.0,DB
WP2013_11,2013-08-09 00:00:00,13.4,135.1,25.0,1004.0,TD
WP2013_11,2013-08-09 06:00:00,13.6,134.0,30.0,1000.0,TD
WP2013_11,2013-08-09 12:00:00,13.6,132.8,35.0,996.0,TS
WP2013_11,2013-08-09 18:00:00,13.5,131.7,45.0,989.0,TS
WP2013_11,2013-08-10 00:00:00,13.6,130.5,55.0,982.0,TS
WP2013_11,2013-08-10 00:00:00,13.6,130.5,55.0,982.0,TS
WP2013_11,2013-08-10 06:00:00,13.8,129.2,70.0,970.0,TY
WP2013_11,2013-08-10 06:00:00,13.8,129.2,70.0,970.0,TY
WP2013_11,2013-08-10 06:00:00,13.8,129.2,70.0,970.0,TY
WP2013_11,2013-08-10 12:00:00,14.0,128.1,90.0,956.0,TY
WP2013_11,2013-08-10 12:00:00,14.0,128.1,90.0,956.0,TY
WP2013_11,2013-08-10 12:00:00,14.0,128.1,90.0,956.0,TY
WP2013_11,2013-08-10 18:00:00,14.3,127.0,90.0,956.0,TY
WP2013_11,2013-08-10 18:00:00,14.3,127.0,90.0,956.0,TY
WP2013_11,2013-08-10 18:00:00,14.3,127.0,90.0,956.0,TY
WP2013_11,2013-08-11 00:00:00,14.5,125.9,95.0,952.0,TY
WP2013_11,2013-08-11 00:00:00,14.5,125.9,95.0,952.0,TY
WP2013_11,2013-08-11 00:00:00,14.5,125.9,95.0,952.0,TY
WP2013_11,2013-08-11 06:00:00,15.1,124.8,110.0,941.0,TY
WP2013_11,2013-08-11 06:00:00,15.1,124.8,110.0,941.0,TY
WP2013_11,2013-08-11 06:00:00,15.1,124.8,110.0,941.0,TY
WP2013_11,2013-08-11 12:00:00,15.5,123.5,130.0,926.0,ST
WP2013_11,2013-08-11 12:00:00,15.5,123.5,130.0,926.0,ST
WP2013_11,2013-08-11 12:00:00,15.5,123.5,130.0,926.0,ST
WP2013_11,2013-08-11 18:00:00,16.1,122.2,120.0,933.0,TY
WP2013_11,2013-08-11 18:00:00,16.1,122.2,120.0,933.0,TY
WP2013_11,2013-08-11 18:00:00,16.1,122.2,120.0,933.0,TY
WP2013_11,2013-08-12 00:00:00,16.5,120.8,95.0,952.0,TY
WP2013_11,2013-08-12 00:00:00,16.5,120.8,95.0,952.0,TY
WP2013_11,2013-08-12 00:00:00,16.5,120.8,95.0,952.0,TY
WP2013_11,2013-08-12 06:00:00,17.1,119.1,95.0,952.0,TY
WP2013_11,2013-08-12 06:00:00,17.1,119.1,95.0,952.0,TY
WP2013_11,2013-08-12 06:00:00,17.1,119.1,95.0,952.0,TY
WP2013_11,2013-08-12 12:00:00,17.9,117.9,85.0,959.0,TY
WP2013_11,2013-08-12 12:00:00,17.9,117.9,85.0,959.0,TY
WP2013_11,2013-08-12 12:00:00,17.9,117.9,85.0,959.0,TY
WP2013_11,2013-08-12 18:00:00,18.0,116.5,90.0,956.0,TY
WP2013_11,2013-08-12 18:00:00,18.0,116.5,90.0,956.0,TY
WP2013_11,2013-08-12 18:00:00,18.0,116.5,90.0,956.0,TY
WP2013_11,2013-08-13 00:00:00,18.4,115.2,95.0,952.0,TY
WP2013_11,2013-08-13 00:00:00,18.4,115.2,95.0,952.0,TY
WP2013_11,2013-08-13 00:00:00,18.4,115.2,95.0,952.0,TY
WP2013_11,2013-08-13 06:00:00,18.9,114.1,100.0,948.0,TY
WP2013_11,2013-08-13 06:00:00,18.9,114.1,100.0,948.0,TY
WP2013_11,2013-08-13 06:00:00,18.9,114.1,100.0,948.0,TY
WP2013_11,2013-08-13 12:00:00,19.3,113.4,95.0,952.0,TY
WP2013_11,2013-08-13 12:00:00,19.3,113.4,95.0,952.0,TY
WP2013_11,2013-08-13 12:00:00,19.3,113.4,95.0,952.0,TY
WP2013_11,2013-08-13 18:00:00,19.8,112.9,95.0,952.0,TY
WP2013_11,2013-08-13 18:00:00,19.8,112.9,95.0,952.0,TY
WP2013_11,2013-08-13 18:00:00,19.8,112.9,95.0,952.0,TY
WP2013_11,2013-08-14 00:00:00,20.6,112.3,90.0,956.0,TY
WP2013_11,2013-08-14 00:00:00,20.6,112.3,90.0,956.0,TY
WP2013_11,2013-08-14 00:00:00,20.6,112.3,90.0,956.0,TY
WP2013_11,2013-08-14 06:00:00,21.6,111.8,85.0,959.0,TY
WP2013_11,2013-08-14 06:00:00,21.6,111.8,85.0,959.0,TY
WP2013_11,2013-08-14 06:00:00,21.6,111.8,85.0,959.0,TY
WP2013_11,2013-08-14 12:00:00,22.1,110.9,75.0,967.0,TY
WP2013_11,2013-08-14 12:00:00,22.1,110.9,75.0,967.0,TY
WP2013_11,2013-08-14 12:00:00,22.1,110.9,75.0,967.0,TY
WP2013_11,2013-08-14 18:00:00,22.4,110.7,55.0,982.0,TS
WP2013_11,2013-08-14 18:00:00,22.4,110.7,55.0,982.0,TS
WP2013_11,2013-08-15 00:00:00,22.8,110.4,45.0,989.0,TS
WP2013_11,2013-08-15 06:00:00,23.8,111.0,35.0,996.0,EX
WP2013_11,2013-08-15 12:00:00,24.2,111.3,30.0,1000.0,EX
WP2013_12,2013-08-16 00:00:00,23.1,123.6,15.0,1010.0,DB
WP2013_12,2013-08-16 06:00:00,22.6,123.0,20.0,1007.0,DB
WP2013_12,2013-08-16 12:00:00,22.4,123.7,20.0,1007.0,DB
WP2013_12,2013-08-16 18:00:00,21.8,124.0,20.0,999.0,DB
WP2013_12,2013-08-17 00:00:00,21.2,124.6,20.0,1007.0,DB
WP2013_12,2013-08-17 06:00:00,20.6,125.2,25.0,1004.0,TD
WP2013_12,2013-08-17 12:00:00,20.4,126.0,30.0,998.0,TD
WP2013_12,2013-08-17 18:00:00,20.3,126.7,30.0,998.0,TD
WP2013_12,2013-08-18 00:00:00,20.4,127.3,30.0,997.0,TD
WP2013_12,2013-08-18 06:00:00,20.3,127.5,35.0,996.0,TS
WP2013_12,2013-08-18 12:00:00,20.0,127.5,35.0,996.0,TS
WP2013_12,2013-08-18 18:00:00,19.7,127.7,40.0,993.0,TS
WP2013_12,2013-08-19 00:00:00,19.4,127.8,45.0,989.0,TS
WP2013_12,2013-08-19 06:00:00,19.7,128.1,50.0,985.0,TS
WP2013_12,2013-08-19 12:00:00,20.1,128.4,50.0,985.0,TS
WP2013_12,2013-08-19 18:00:00,20.9,128.6,55.0,982.0,TS
WP2013_12,2013-08-19 18:00:00,20.9,128.6,55.0,982.0,TS
WP2013_12,2013-08-20 00:00:00,21.9,128.6,55.0,982.0,TS
WP2013_12,2013-08-20 00:00:00,21.9,128.6,55.0,982.0,TS
WP2013_12,2013-08-20 06:00:00,23.2,127.6,55.0,982.0,TS
WP2013_12,2013-08-20 06:00:00,23.2,127.6,55.0,982.0,TS
WP2013_12,2013-08-20 12:00:00,23.6,126.5,55.0,982.0,TS
WP2013_12,2013-08-20 12:00:00,23.6,126.5,55.0,982.0,TS
WP2013_12,2013-08-20 18:00:00,24.5,126.0,60.0,978.0,TS
WP2013_12,2013-08-20 18:00:00,24.5,126.0,60.0,978.0,TS
WP2013_12,2013-08-21 00:00:00,25.2,124.4,70.0,970.0,TY
WP2013_12,2013-08-21 00:00:00,25.2,124.4,70.0,970.0,TY
WP2013_12,2013-08-21 06:00:00,25.7,122.9,75.0,967.0,TY
WP2013_12,2013-08-21 06:00:00,25.7,122.9,75.0,967.0,TY
WP2013_12,2013-08-21 06:00:00,25.7,122.9,75.0,967.0,TY
WP2013_12,2013-08-21 12:00:00,25.8,121.2,75.0,967.0,TY
WP2013_12,2013-08-21 12:00:00,25.8,121.2,75.0,967.0,TY
WP2013_12,2013-08-21 12:00:00,25.8,121.2,75.0,967.0,TY
WP2013_12,2013-08-21 18:00:00,25.7,119.6,70.0,970.0,TY
WP2013_12,2013-08-21 18:00:00,25.7,119.6,70.0,970.0,TY
WP2013_12,2013-08-21 18:00:00,25.7,119.6,70.0,970.0,TY
WP2013_12,2013-08-22 00:00:00,25.9,118.1,45.0,989.0,TS
WP2013_12,2013-08-22 06:00:00,26.3,116.5,45.0,989.0,TS
WP2013_12,2013-08-22 12:00:00,26.9,115.3,30.0,1000.0,TD
WP2013_12,2013-08-22 18:00:00,27.4,114.3,25.0,1004.0,TD
WP2013_12,2013-08-23 00:00:00,28.0,113.5,20.0,1004.0,DB
WP2013_13,2013-08-16 12:00:00,25.8,131.5,20.0,1007.0,DB
WP2013_13,2013-08-16 18:00:00,26.3,130.9,25.0,1004.0,TD
WP2013_13,2013-08-17 00:00:00,26.8,130.3,25.0,1000.0,TD
WP2013_13,2013-08-17 06:00:00,27.1,129.3,25.0,998.0,TD
WP2013_13,2013-08-17 12:00:00,27.7,128.0,30.0,1000.0,TD
WP2013_13,2013-08-17 18:00:00,28.2,126.2,30.0,1000.0,TD
WP2013_13,2013-08-18 00:00:00,28.9,124.7,30.0,1000.0,TD
WP2013_13,2013-08-18 06:00:00,28.9,123.7,30.0,997.0,TD
WP2013_13,2013-08-18 12:00:00,28.8,122.9,25.0,999.0,TD
WP2013_13,2013-08-18 18:00:00,28.8,122.1,25.0,998.0,TD
WP2013_13,2013-08-19 00:00:00,29.0,121.4,20.0,1007.0,DB
WP2013_14,2013-08-25 00:00:00,11.5,128.9,20.0,1006.0,DB
WP2013_14,2013-08-25 06:00:00,12.7,128.9,20.0,1004.0,DB
WP2013_14,2013-08-25 12:00:00,14.4,128.7,20.0,1004.0,DB
WP2013_14,2013-08-25 18:00:00,15.1,127.5,20.0,1007.0,DB
WP2013_14,2013-08-26 00:00:00,15.5,125.5,20.0,1007.0,DB
WP2013_14,2013-08-26 06:00:00,16.4,125.0,25.0,1004.0,TD
WP2013_14,2013-08-26 12:00:00,16.8,124.1,30.0,1000.0,TD
WP2013_14,2013-08-26 18:00:00,17.5,124.0,35.0,996.0,TS
WP2013_14,2013-08-27 00:00:00,18.5,123.9,40.0,993.0,TS
WP2013_14,2013-08-27 06:00:00,19.3,123.8,40.0,993.0,TS
WP2013_14,2013-08-27 12:00:00,20.1,123.6,40.0,993.0,TS
WP2013_14,2013-08-27 18:00:00,20.7,123.2,45.0,989.0,TS
WP2013_14,2013-08-28 00:00:00,21.2,122.9,45.0,989.0,TS
WP2013_14,2013-08-28 06:00:00,21.7,122.8,50.0,985.0,TS
WP2013_14,2013-08-28 12:00:00,22.5,122.8,50.0,985.0,TS
WP2013_14,2013-08-28 12:00:00,22.5,122.8,50.0,985.0,TS
WP2013_14,2013-08-28 18:00:00,23.5,122.5,50.0,985.0,TS
WP2013_14,2013-08-28 18:00:00,23.5,122.5,50.0,985.0,TS
WP2013_14,2013-08-29 00:00:00,24.9,122.6,45.0,989.0,TS
WP2013_14,2013-08-29 06:00:00,26.1,122.2,40.0,993.0,TS
WP2013_14,2013-08-29 12:00:00,26.8,122.5,40.0,993.0,TS
WP2013_14,2013-08-29 18:00:00,27.6,122.9,35.0,996.0,TS
WP2013_14,2013-08-30 00:00:00,28.7,123.6,35.0,996.0,TS
WP2013_14,2013-08-30 06:00:00,29.9,124.5,30.0,1000.0,TD
WP2013_14,2013-08-30 12:00:00,30.9,125.8,30.0,1000.0,TD
WP2013_14,2013-08-30 18:00:00,32.0,127.3,30.0,1000.0,TD
WP2013_14,2013-08-31 00:00:00,33.7,129.7,30.0,1000.0,TD
WP2013_15,2013-08-31 12:00:00,24.8,121.6,20.0,1007.0,DB
WP2013_15,2013-08-31 18:00:00,24.9,122.1,20.0,1007.0,DB
WP2013_15,2013-09-01 00:00:00,25.1,122.9,20.0,1006.0,DB
WP2013_15,2013-09-01 06:00:00,25.7,123.6,20.0,1003.0,DB
WP2013_15,2013-09-01 12:00:00,25.9,124.2,25.0,1004.0,TD
WP2013_15,2013-09-01 18:00:00,26.2,124.8,30.0,1000.0,TD
WP2013_15,2013-09-02 00:00:00,26.6,125.5,35.0,996.0,TS
WP2013_15,2013-09-02 06:00:00,27.2,126.0,35.0,996.0,TS
WP2013_15,2013-09-02 12:00:00,27.7,126.6,40.0,993.0,TS
WP2013_15,2013-09-02 18:00:00,28.2,127.2,45.0,989.0,TS
WP2013_15,2013-09-03 00:00:00,28.8,127.6,50.0,985.0,TS
WP2013_15,2013-09-03 06:00:00,29.5,128.3,50.0,985.0,TS
WP2013_15,2013-09-03 12:00:00,30.2,129.4,50.0,985.0,TS
WP2013_15,2013-09-03 18:00:00,31.1,130.4,45.0,989.0,TS
WP2013_15,2013-09-04 00:00:00,32.3,132.0,45.0,989.0,TS
WP2013_16,2013-09-12 00:00:00,22.1,146.3,20.0,1007.0,DB
WP2013_16,2013-09-12 06:00:00,22.0,145.1,25.0,1004.0,TD
WP2013_16,2013-09-12 12:00:00,22.5,144.2,25.0,1004.0,TD
WP2013_16,2013-09-12 18:00:00,22.2,143.2,25.0,1004.0,TD
WP2013_16,2013-09-13 00:00:00,21.3,142.7,30.0,1000.0,TD
WP2013_16,2013-09-13 06:00:00,22.7,142.9,30.0,1000.0,TD
WP2013_16,2013-09-13 12:00:00,23.0,140.8,30.0,1000.0,TD
WP2013_16,2013-09-13 18:00:00,23.4,138.8,40.0,993.0,TS
WP2013_16,2013-09-14 00:00:00,24.4,137.7,40.0,993.0,TS
WP2013_16,2013-09-14 06:00:00,25.2,136.5,45.0,989.0,TS
WP2013_16,2013-09-14 12:00:00,26.3,135.5,45.0,989.0,TS
WP2013_16,2013-09-14 18:00:00,27.3,134.9,45.0,989.0,TS
WP2013_16,2013-09-15 00:00:00,28.7,134.3,45.0,989.0,TS
WP2013_16,2013-09-15 06:00:00,30.2,134.5,55.0,982.0,TS
WP2013_16,2013-09-15 06:00:00,30.2,134.5,55.0,982.0,TS
WP2013_16,2013-09-15 12:00:00,31.6,135.1,60.0,978.0,TS
WP2013_16,2013-09-15 12:00:00,31.6,135.1,60.0,978.0,TS
WP2013_16,2013-09-15 18:00:00,33.0,135.8,60.0,978.0,TS
WP2013_16,2013-09-15 18:00:00,33.0,135.8,60.0,978.0,TS
WP2013_16,2013-09-16 00:00:00,35.2,137.7,55.0,982.0,TS
WP2013_16,2013-09-16 00:00:00,35.2,137.7,55.0,982.0,TS
WP2013_16,2013-09-16 06:00:00,37.8,140.7,50.0,985.0,TS
WP2013_16,2013-09-16 06:00:00,37.8,140.7,50.0,985.0,TS
WP2013_16,2013-09-16 12:00:00,40.9,145.0,45.0,989.0,EX
WP2013_17,2013-09-16 06:00:00,17.2,132.4,20.0,1007.0,DB
WP2013_17,2013-09-16 12:00:00,17.5,132.3,20.0,1002.0,DB
WP2013_17,2013-09-16 18:00:00,17.7,132.0,25.0,1002.0,TD
WP2013_17,2013-09-17 00:00:00,17.5,131.7,25.0,1004.0,TD
WP2013_17,2013-09-17 06:00:00,17.5,131.4,30.0,1000.0,TD
WP2013_17,2013-09-17 12:00:00,17.4,131.0,40.0,993.0,TS
WP2013_17,2013-09-17 18:00:00,17.3,130.6,50.0,985.0,TS
WP2013_17,2013-09-18 00:00:00,17.3,130.2,50.0,985.0,TS
WP2013_17,2013-09-18 06:00:00,17.3,129.8,60.0,978.0,TS
WP2013_17,2013-09-18 06:00:00,17.3,129.8,60.0,978.0,TS
WP2013_17,2013-09-18 12:00:00,17.3,129.4,75.0,967.0,TY
WP2013_17,2013-09-18 12:00:00,17.3,129.4,75.0,967.0,TY
WP2013_17,2013-09-18 18:00:00,17.1,128.7,90.0,956.0,TY
WP2013_17,2013-09-18 18:00:00,17.1,128.7,90.0,956.0,TY
WP2013_17,2013-09-18 18:00:00,17.1,128.7,90.0,956.0,TY
WP2013_17,2013-09-19 00:00:00,16.9,128.5,95.0,952.0,TY
WP2013_17,2013-09-19 00:00:00,16.9,128.5,95.0,952.0,TY
WP2013_17,2013-09-19 00:00:00,16.9,128.5,95.0,952.0,TY
WP2013_17,2013-09-19 06:00:00,17.5,128.0,120.0,933.0,TY
WP2013_17,2013-09-19 06:00:00,17.5,128.0,120.0,933.0,TY
WP2013_17,2013-09-19 06:00:00,17.5,128.0,120.0,933.0,TY
WP2013_17,2013-09-19 12:00:00,18.2,127.2,135.0,922.0,ST
WP2013_17,2013-09-19 12:00:00,18.2,127.2,135.0,922.0,ST
WP2013_17,2013-09-19 12:00:00,18.2,127.2,135.0,922.0,ST
WP2013_17,2013-09-19 18:00:00,18.8,126.4,135.0,922.0,ST
WP2013_17,2013-09-19 18:00:00,18.8,126.4,135.0,922.0,ST
WP2013_17,2013-09-19 18:00:00,18.8,126.4,135.0,922.0,ST
WP2013_17,2013-09-20 00:00:00,19.2,125.5,135.0,922.0,ST
WP2013_17,2013-09-20 00:00:00,19.2,125.5,135.0,922.0,ST
WP2013_17,2013-09-20 00:00:00,19.2,125.5,135.0,922.0,ST
WP2013_17,2013-09-20 06:00:00,19.8,124.6,130.0,926.0,ST
WP2013_17,2013-09-20 06:00:00,19.8,124.6,130.0,926.0,ST
WP2013_17,2013-09-20 06:00:00,19.8,124.6,130.0,926.0,ST
WP2013_17,2013-09-20 12:00:00,20.2,123.7,130.0,926.0,ST
WP2013_17,2013-09-20 12:00:00,20.2,123.7,130.0,926.0,ST
WP2013_17,2013-09-20 12:00:00,20.2,123.7,130.0,926.0,ST
WP2013_17,2013-09-20 18:00:00,20.4,122.6,130.0,926.0,ST
WP2013_17,2013-09-20 18:00:00,20.4,122.6,130.0,926.0,ST
WP2013_17,2013-09-20 18:00:00,20.4,122.6,130.0,926.0,ST
WP2013_17,2013-09-21 00:00:00,20.6,121.7,120.0,933.0,TY
WP2013_17,2013-09-21 00:00:00,20.6,121.7,120.0,933.0,TY
WP2013_17,2013-09-21 00:00:00,20.6,121.7,120.0,933.0,TY
WP2013_17,2013-09-21 06:00:00,20.8,120.8,105.0,944.0,TY
WP2013_17,2013-09-21 06:00:00,20.8,120.8,105.0,944.0,TY
WP2013_17,2013-09-21 06:00:00,20.8,120.8,105.0,944.0,TY
WP2013_17,2013-09-21 12:00:00,21.1,119.8,85.0,959.0,TY
WP2013_17,2013-09-21 12:00:00,21.1,119.8,85.0,959.0,TY
WP2013_17,2013-09-21 12:00:00,21.1,119.8,85.0,959.0,TY
WP2013_17,2013-09-21 18:00:00,21.4,118.9,90.0,956.0,TY
WP2013_17,2013-09-21 18:00:00,21.4,118.9,90.0,956.0,TY
WP2013_17,2013-09-21 18:00:00,21.4,118.9,90.0,956.0,TY
WP2013_17,2013-09-22 00:00:00,21.8,117.9,95.0,952.0,TY
WP2013_17,2013-09-22 00:00:00,21.8,117.9,95.0,952.0,TY
WP2013_17,2013-09-22 00:00:00,21.8,117.9,95.0,952.0,TY
WP2013_17,2013-09-22 06:00:00,22.4,116.8,100.0,948.0,TY
WP2013_17,2013-09-22 06:00:00,22.4,116.8,100.0,948.0,TY
WP2013_17,2013-09-22 06:00:00,22.4,116.8,100.0,948.0,TY
WP2013_17,2013-09-22 12:00:00,22.9,115.3,80.0,963.0,TY
WP2013_17,2013-09-22 12:00:00,22.9,115.3,80.0,963.0,TY
WP2013_17,2013-09-22 12:00:00,22.9,115.3,80.0,963.0,TY
WP2013_17,2013-09-22 18:00:00,23.3,113.6,60.0,978.0,TS
WP2013_17,2013-09-22 18:00:00,23.3,113.6,60.0,978.0,TS
WP2013_17,2013-09-23 00:00:00,23.9,112.6,55.0,982.0,EX
WP2013_17,2013-09-23 06:00:00,24.6,111.6,45.0,989.0,EX
WP2013_18,2013-09-18 06:00:00,16.1,110.0,20.0,1007.0,DB
WP2013_18,2013-09-18 12:00:00,16.4,109.2,25.0,1004.0,TD
WP2013_18,2013-09-18 18:00:00,16.3,108.4,25.0,1004.0,TD
WP2013_19,2013-09-20 18:00:00,19.4,146.0,20.0,1007.0,DB
WP2013_19,2013-09-21 00:00:00,19.7,145.5,30.0,1000.0,TD
WP2013_19,2013-09-21 06:00:00,20.0,145.0,35.0,996.0,TS
WP2013_19,2013-09-21 12:00:00,20.5,144.5,35.0,996.0,TS
WP2013_19,2013-09-21 18:00:00,20.9,143.9,45.0,989.0,TS
WP2013_19,2013-09-22 00:00:00,21.4,143.3,45.0,989.0,TS
WP2013_19,2013-09-22 06:00:00,22.1,142.8,50.0,985.0,TS
WP2013_19,2013-09-22 12:00:00,22.7,142.4,50.0,985.0,TS
WP2013_19,2013-09-22 18:00:00,23.1,141.8,55.0,982.0,TS
WP2013_19,2013-09-22 18:00:00,23.1,141.8,55.0,982.0,TS
WP2013_19,2013-09-23 00:00:00,23.9,141.5,55.0,982.0,TS
WP2013_19,2013-09-23 00:00:00,23.9,141.5,55.0,982.0,TS
WP2013_19,2013-09-23 06:00:00,24.7,141.2,65.0,974.0,TY
WP2013_19,2013-09-23 06:00:00,24.7,141.2,65.0,974.0,TY
WP2013_19,2013-09-23 12:00:00,25.2,140.5,65.0,974.0,TY
WP2013_19,2013-09-23 12:00:00,25.2,140.5,65.0,974.0,TY
WP2013_19,2013-09-23 18:00:00,25.6,140.0,65.0,974.0,TY
WP2013_19,2013-09-23 18:00:00,25.6,140.0,65.0,974.0,TY
WP2013_19,2013-09-24 00:00:00,25.9,139.6,65.0,974.0,TY
WP2013_19,2013-09-24 00:00:00,25.9,139.6,65.0,974.0,TY
WP2013_19,2013-09-24 06:00:00,26.1,139.2,70.0,970.0,TY
WP2013_19,2013-09-24 06:00:00,26.1,139.2,70.0,970.0,TY
WP2013_19,2013-09-24 12:00:00,26.6,138.9,80.0,963.0,TY
WP2013_19,2013-09-24 12:00:00,26.6,138.9,80.0,963.0,TY
WP2013_19,2013-09-24 12:00:00,26.6,138.9,80.0,963.0,TY
WP2013_19,2013-09-24 18:00:00,27.5,138.7,85.0,959.0,TY
WP2013_19,2013-09-24 18:00:00,27.5,138.7,85.0,959.0,TY
WP2013_19,2013-09-24 18:00:00,27.5,138.7,85.0,959.0,TY
WP2013_19,2013-09-25 00:00:00,28.5,138.6,90.0,956.0,TY
WP2013_19,2013-09-25 00:00:00,28.5,138.6,90.0,956.0,TY
WP2013_19,2013-09-25 00:00:00,28.5,138.6,90.0,956.0,TY
WP2013_19,2013-09-25 06:00:00,29.4,139.0,90.0,956.0,TY
WP2013_19,2013-09-25 06:00:00,29.4,139.0,90.0,956.0,TY
WP2013_19,2013-09-25 06:00:00,29.4,139.0,90.0,956.0,TY
WP2013_19,2013-09-25 12:00:00,30.2,140.2,90.0,956.0,TY
WP2013_19,2013-09-25 12:00:00,30.2,140.2,90.0,956.0,TY
WP2013_19,2013-09-25 12:00:00,30.2,140.2,90.0,956.0,TY
WP2013_19,2013-09-25 18:00:00,31.1,141.7,90.0,956.0,TY
WP2013_19,2013-09-25 18:00:00,31.1,141.7,90.0,956.0,TY
WP2013_19,2013-09-25 18:00:00,31.1,141.7,90.0,956.0,TY
WP2013_19,2013-09-26 00:00:00,32.4,143.5,90.0,956.0,TY
WP2013_19,2013-09-26 00:00:00,32.4,143.5,90.0,956.0,TY
WP2013_19,2013-09-26 00:00:00,32.4,143.5,90.0,956.0,TY
WP2013_19,2013-09-26 06:00:00,33.8,145.2,85.0,959.0,TY
WP2013_19,2013-09-26 06:00:00,33.8,145.2,85.0,959.0,TY
WP2013_19,2013-09-26 12:00:00,35.1,147.5,80.0,963.0,TY
WP2013_19,2013-09-26 12:00:00,35.1,147.5,80.0,963.0,TY
WP2013_19,2013-09-26 18:00:00,37.6,149.7,65.0,974.0,TY
WP2013_19,2013-09-27 00:00:00,39.9,152.7,40.0,993.0,EX
WP2013_20,2013-09-26 00:00:00,14.8,117.9,20.0,1006.0,DB
WP2013_20,2013-09-26 06:00:00,14.9,117.7,20.0,1007.0,DB
WP2013_20,2013-09-26 12:00:00,15.2,117.6,20.0,1005.0,DB
WP2013_20,2013-09-26 18:00:00,15.5,117.5,25.0,1004.0,TD
WP2013_20,2013-09-27 00:00:00,16.2,117.1,30.0,1000.0,TD
WP2013_20,2013-09-27 06:00:00,16.8,116.3,35.0,996.0,TS
WP2013_20,2013-09-27 12:00:00,16.9,115.3,40.0,993.0,TS
WP2013_20,2013-09-27 18:00:00,16.7,114.3,50.0,985.0,TS
WP2013_20,2013-09-28 00:00:00,16.4,114.1,55.0,982.0,TS
WP2013_20,2013-09-28 00:00:00,16.4,114.1,55.0,982.0,TS
WP2013_20,2013-09-28 06:00:00,16.7,114.1,60.0,978.0,TS
WP2013_20,2013-09-28 06:00:00,16.7,114.1,60.0,978.0,TS
WP2013_20,2013-09-28 12:00:00,16.8,113.6,65.0,974.0,TY
WP2013_20,2013-09-28 12:00:00,16.8,113.6,65.0,974.0,TY
WP2013_20,2013-09-28 12:00:00,16.8,113.6,65.0,974.0,TY
WP2013_20,2013-09-28 18:00:00,16.8,113.1,70.0,970.0,TY
WP2013_20,2013-09-28 18:00:00,16.8,113.1,70.0,970.0,TY
WP2013_20,2013-09-28 18:00:00,16.8,113.1,70.0,970.0,TY
WP2013_20,2013-09-29 00:00:00,16.7,112.4,90.0,956.0,TY
WP2013_20,2013-09-29 00:00:00,16.7,112.4,90.0,956.0,TY
WP2013_20,2013-09-29 00:00:00,16.7,112.4,90.0,956.0,TY
WP2013_20,2013-09-29 06:00:00,16.7,111.7,100.0,948.0,TY
WP2013_20,2013-09-29 06:00:00,16.7,111.7,100.0,948.0,TY
WP2013_20,2013-09-29 06:00:00,16.7,111.7,100.0,948.0,TY
WP2013_20,2013-09-29 12:00:00,16.8,110.9,90.0,956.0,TY
WP2013_20,2013-09-29 12:00:00,16.8,110.9,90.0,956.0,TY
WP2013_20,2013-09-29 12:00:00,16.8,110.9,90.0,956.0,TY
WP2013_20,2013-09-29 18:00:00,16.9,109.9,90.0,956.0,TY
WP2013_20,2013-09-29 18:00:00,16.9,109.9,90.0,956.0,TY
WP2013_20,2013-09-29 18:00:00,16.9,109.9,90.0,956.0,TY
WP2013_20,2013-09-30 00:00:00,17.2,108.7,90.0,956.0,TY
WP2013_20,2013-09-30 00:00:00,17.2,108.7,90.0,956.0,TY
WP2013_20,2013-09-30 00:00:00,17.2,108.7,90.0,956.0,TY
WP2013_20,2013-09-30 06:00:00,17.5,107.4,95.0,952.0,TY
WP2013_20,2013-09-30 06:00:00,17.5,107.4,95.0,952.0,TY
WP2013_20,2013-09-30 06:00:00,17.5,107.4,95.0,952.0,TY
WP2013_20,2013-09-30 12:00:00,17.9,105.9,75.0,967.0,TY
WP2013_20,2013-09-30 12:00:00,17.9,105.9,75.0,967.0,TY
WP2013_20,2013-09-30 12:00:00,17.9,105.9,75.0,967.0,TY
WP2013_20,2013-09-30 18:00:00,17.9,103.7,60.0,978.0,TS
WP2013_20,2013-09-30 18:00:00,17.9,103.7,60.0,978.0,TS
WP2013_20,2013-10-01 00:00:00,18.0,101.7,35.0,996.0,TS
WP2013_21,2013-09-29 12:00:00,26.6,148.8,20.0,1004.0,DB
WP2013_21,2013-09-29 18:00:00,26.2,148.1,25.0,1004.0,TD
WP2013_21,2013-09-30 00:00:00,26.5,146.7,30.0,1000.0,TD
WP2013_21,2013-09-30 06:00:00,27.2,145.2,35.0,996.0,TS
WP2013_21,2013-09-30 12:00:00,27.8,143.7,35.0,996.0,TS
WP2013_21,2013-09-30 18:00:00,28.5,142.3,35.0,996.0,TS
WP2013_21,2013-10-01 00:00:00,29.1,141.7,35.0,996.0,TS
WP2013_21,2013-10-01 06:00:00,30.2,141.5,40.0,993.0,TS
WP2013_21,2013-10-01 12:00:00,31.3,141.5,35.0,996.0,TS
WP2013_21,2013-10-01 18:00:00,32.6,141.3,35.0,996.0,TS
WP2013_21,2013-10-02 00:00:00,34.0,141.5,35.0,996.0,TS
WP2013_21,2013-10-02 06:00:00,35.6,142.0,35.0,996.0,TS
WP2013_21,2013-10-02 12:00:00,37.5,143.3,35.0,996.0,TS
WP2013_21,2013-10-02 18:00:00,40.5,145.9,35.0,996.0,EX
WP2013_21,2013-10-03 00:00:00,44.0,149.4,35.0,996.0,EX
WP2013_22,2013-09-29 18:00:00,11.6,133.5,15.0,1010.0,DB
WP2013_22,2013-09-30 00:00:00,12.3,133.4,20.0,1001.0,DB
WP2013_22,2013-09-30 06:00:00,13.1,133.3,20.0,1007.0,DB
WP2013_22,2013-09-30 12:00:00,13.5,132.7,25.0,1004.0,TD
WP2013_22,2013-09-30 18:00:00,14.1,132.1,35.0,996.0,TS
WP2013_22,2013-10-01 00:00:00,14.5,131.8,40.0,993.0,TS
WP2013_22,2013-10-01 06:00:00,15.2,131.5,50.0,985.0,TS
WP2013_22,2013-10-01 12:00:00,16.1,131.4,50.0,985.0,TS
WP2013_22,2013-10-01 18:00:00,17.1,131.0,55.0,982.0,TS
WP2013_22,2013-10-01 18:00:00,17.1,131.0,55.0,982.0,TS
WP2013_22,2013-10-02 00:00:00,17.6,130.5,55.0,982.0,TS
WP2013_22,2013-10-02 00:00:00,17.6,130.5,55.0,982.0,TS
WP2013_22,2013-10-02 06:00:00,18.3,130.0,60.0,978.0,TS
WP2013_22,2013-10-02 06:00:00,18.3,130.0,60.0,978.0,TS
WP2013_22,2013-10-02 12:00:00,18.9,129.7,60.0,978.0,TS
WP2013_22,2013-10-02 12:00:00,18.9,129.7,60.0,978.0,TS
WP2013_22,2013-10-02 18:00:00,19.5,129.5,60.0,978.0,TS
WP2013_22,2013-10-02 18:00:00,19.5,129.5,60.0,978.0,TS
WP2013_22,2013-10-03 00:00:00,20.1,129.6,60.0,978.0,TS
WP2013_22,2013-10-03 00:00:00,20.1,129.6,60.0,978.0,TS
WP2013_22,2013-10-03 06:00:00,20.6,129.7,70.0,970.0,TY
WP2013_22,2013-10-03 06:00:00,20.6,129.7,70.0,970.0,TY
WP2013_22,2013-10-03 12:00:00,21.1,129.8,70.0,970.0,TY
WP2013_22,2013-10-03 12:00:00,21.1,129.8,70.0,970.0,TY
WP2013_22,2013-10-03 18:00:00,21.6,129.9,80.0,963.0,TY
WP2013_22,2013-10-03 18:00:00,21.6,129.9,80.0,963.0,TY
WP2013_22,2013-10-03 18:00:00,21.6,129.9,80.0,963.0,TY
WP2013_22,2013-10-04 00:00:00,22.1,129.8,80.0,963.0,TY
WP2013_22,2013-10-04 00:00:00,22.1,129.8,80.0,963.0,TY
WP2013_22,2013-10-04 00:00:00,22.1,129.8,80.0,963.0,TY
WP2013_22,2013-10-04 06:00:00,22.6,129.6,80.0,963.0,TY
WP2013_22,2013-10-04 06:00:00,22.6,129.6,80.0,963.0,TY
WP2013_22,2013-10-04 06:00:00,22.6,129.6,80.0,963.0,TY
WP2013_22,2013-10-04 12:00:00,23.2,129.2,85.0,959.0,TY
WP2013_22,2013-10-04 12:00:00,23.2,129.2,85.0,959.0,TY
WP2013_22,2013-10-04 12:00:00,23.2,129.2,85.0,959.0,TY
WP2013_22,2013-10-04 18:00:00,23.8,128.5,90.0,956.0,TY
WP2013_22,2013-10-04 18:00:00,23.8,128.5,90.0,956.0,TY
WP2013_22,2013-10-04 18:00:00,23.8,128.5,90.0,956.0,TY
WP2013_22,2013-10-05 00:00:00,24.4,127.7,90.0,956.0,TY
WP2013_22,2013-10-05 00:00:00,24.4,127.7,90.0,956.0,TY
WP2013_22,2013-10-05 00:00:00,24.4,127.7,90.0,956.0,TY
WP2013_22,2013-10-05 06:00:00,24.7,126.9,90.0,956.0,TY
WP2013_22,2013-10-05 06:00:00,24.7,126.9,90.0,956.0,TY
WP2013_22,2013-10-05 06:00:00,24.7,126.9,90.0,956.0,TY
WP2013_22,2013-10-05 12:00:00,25.1,125.9,90.0,956.0,TY
WP2013_22,2013-10-05 12:00:00,25.1,125.9,90.0,956.0,TY
WP2013_22,2013-10-05 12:00:00,25.1,125.9,90.0,956.0,TY
WP2013_22,2013-10-05 18:00:00,25.5,124.9,85.0,959.0,TY
WP2013_22,2013-10-05 18:00:00,25.5,124.9,85.0,959.0,TY
WP2013_22,2013-10-05 18:00:00,25.5,124.9,85.0,959.0,TY
WP2013_22,2013-10-06 00:00:00,25.6,123.7,80.0,963.0,TY
WP2013_22,2013-10-06 00:00:00,25.6,123.7,80.0,963.0,TY
WP2013_22,2013-10-06 00:00:00,25.6,123.7,80.0,963.0,TY
WP2013_22,2013-10-06 06:00:00,26.1,122.9,80.0,963.0,TY
WP2013_22,2013-10-06 06:00:00,26.1,122.9,80.0,963.0,TY
WP2013_22,2013-10-06 06:00:00,26.1,122.9,80.0,963.0,TY
WP2013_22,2013-10-06 12:00:00,26.9,121.7,75.0,967.0,TY
WP2013_22,2013-10-06 12:00:00,26.9,121.7,75.0,967.0,TY
WP2013_22,2013-10-06 18:00:00,27.3,120.5,55.0,982.0,TS
WP2013_22,2013-10-06 18:00:00,27.3,120.5,55.0,982.0,TS
WP2013_22,2013-10-07 00:00:00,27.8,119.3,30.0,1000.0,EX
WP2013_23,2013-10-02 18:00:00,16.4,149.8,20.0,1007.0,DB
WP2013_23,2013-10-03 00:00:00,16.4,149.6,25.0,1004.0,TD
WP2013_23,2013-10-03 06:00:00,16.3,149.2,25.0,1002.0,TD
WP2013_23,2013-10-03 12:00:00,16.0,148.4,25.0,1004.0,TD
WP2013_23,2013-10-03 18:00:00,15.9,147.5,30.0,1000.0,TD
WP2013_23,2013-10-04 00:00:00,16.2,146.6,30.0,1000.0,TD
WP2013_23,2013-10-04 06:00:00,16.8,145.8,35.0,996.0,TS
WP2013_23,2013-10-04 12:00:00,17.3,144.9,45.0,989.0,TS
WP2013_23,2013-10-04 18:00:00,17.9,143.8,50.0,985.0,TS
WP2013_23,2013-10-05 00:00:00,18.2,142.4,50.0,985.0,TS
WP2013_23,2013-10-05 06:00:00,18.8,141.0,55.0,982.0,TS
WP2013_23,2013-10-05 06:00:00,18.8,141.0,55.0,982.0,TS
WP2013_23,2013-10-05 12:00:00,19.5,139.6,60.0,978.0,TS
WP2013_23,2013-10-05 12:00:00,19.5,139.6,60.0,978.0,TS
WP2013_23,2013-10-05 18:00:00,20.3,138.1,75.0,967.0,TY
WP2013_23,2013-10-05 18:00:00,20.3,138.1,75.0,967.0,TY
WP2013_23,2013-10-05 18:00:00,20.3,138.1,75.0,967.0,TY
WP2013_23,2013-10-06 00:00:00,21.1,136.5,75.0,967.0,TY
WP2013_23,2013-10-06 00:00:00,21.1,136.5,75.0,967.0,TY
WP2013_23,2013-10-06 00:00:00,21.1,136.5,75.0,967.0,TY
WP2013_23,2013-10-06 06:00:00,21.9,134.9,90.0,956.0,TY
WP2013_23,2013-10-06 06:00:00,21.9,134.9,90.0,956.0,TY
WP2013_23,2013-10-06 06:00:00,21.9,134.9,90.0,956.0,TY
WP2013_23,2013-10-06 12:00:00,22.8,133.4,100.0,948.0,TY
WP2013_23,2013-10-06 12:00:00,22.8,133.4,100.0,948.0,TY
WP2013_23,2013-10-06 12:00:00,22.8,133.4,100.0,948.0,TY
WP2013_23,2013-10-06 18:00:00,24.0,131.8,115.0,937.0,TY
WP2013_23,2013-10-06 18:00:00,24.0,131.8,115.0,937.0,TY
WP2013_23,2013-10-06 18:00:00,24.0,131.8,115.0,937.0,TY
WP2013_23,2013-10-07 00:00:00,25.2,130.2,120.0,933.0,TY
WP2013_23,2013-10-07 00:00:00,25.2,130.2,120.0,933.0,TY
WP2013_23,2013-10-07 00:00:00,25.2,130.2,120.0,933.0,TY
WP2013_23,2013-10-07 06:00:00,26.6,128.8,120.0,933.0,TY
WP2013_23,2013-10-07 06:00:00,26.6,128.8,120.0,933.0,TY
WP2013_23,2013-10-07 06:00:00,26.6,128.8,120.0,933.0,TY
WP2013_23,2013-10-07 12:00:00,28.1,127.7,110.0,941.0,TY
WP2013_23,2013-10-07 12:00:00,28.1,127.7,110.0,941.0,TY
WP2013_23,2013-10-07 12:00:00,28.1,127.7,110.0,941.0,TY
WP2013_23,2013-10-07 18:00:00,29.6,127.0,105.0,944.0,TY
WP2013_23,2013-10-07 18:00:00,29.6,127.0,105.0,944.0,TY
WP2013_23,2013-10-07 18:00:00,29.6,127.0,105.0,944.0,TY
WP2013_23,2013-10-08 00:00:00,31.2,127.0,90.0,956.0,TY
WP2013_23,2013-10-08 00:00:00,31.2,127.0,90.0,956.0,TY
WP2013_23,2013-10-08 00:00:00,31.2,127.0,90.0,956.0,TY
WP2013_23,2013-10-08 06:00:00,32.7,127.6,75.0,967.0,TY
WP2013_23,2013-10-08 06:00:00,32.7,127.6,75.0,967.0,TY
WP2013_23,2013-10-08 12:00:00,34.5,129.5,55.0,982.0,EX
WP2013_23,2013-10-08 12:00:00,34.5,129.5,55.0,982.0,EX
WP2013_23,2013-10-08 18:00:00,35.6,131.5,50.0,985.0,EX
WP2013_24,2013-10-08 12:00:00,14.0,131.7,20.0,1004.0,DB
WP2013_24,2013-10-08 18:00:00,14.3,131.1,20.0,1007.0,DB
WP2013_24,2013-10-09 00:00:00,14.5,130.3,30.0,1000.0,TD
WP2013_24,2013-10-09 06:00:00,14.5,129.6,30.0,1000.0,TD
WP2013_24,2013-10-09 12:00:00,14.5,129.0,45.0,989.0,TS
WP2013_24,2013-10-09 18:00:00,14.8,128.5,60.0,978.0,TS
WP2013_24,2013-10-09 18:00:00,14.8,128.5,60.0,978.0,TS
WP2013_24,2013-10-10 00:00:00,15.2,127.9,60.0,978.0,TS
WP2013_24,2013-10-10 00:00:00,15.2,127.9,60.0,978.0,TS
WP2013_24,2013-10-10 06:00:00,15.3,127.0,70.0,970.0,TY
WP2013_24,2013-10-10 06:00:00,15.3,127.0,70.0,970.0,TY
WP2013_24,2013-10-10 12:00:00,15.5,126.1,75.0,967.0,TY
WP2013_24,2013-10-10 12:00:00,15.5,126.1,75.0,967.0,TY
WP2013_24,2013-10-10 12:00:00,15.5,126.1,75.0,967.0,TY
WP2013_24,2013-10-10 18:00:00,15.4,125.2,85.0,959.0,TY
WP2013_24,2013-10-10 18:00:00,15.4,125.2,85.0,959.0,TY
WP2013_24,2013-10-10 18:00:00,15.4,125.2,85.0,959.0,TY
WP2013_24,2013-10-11 00:00:00,15.3,124.4,95.0,952.0,TY
WP2013_24,2013-10-11 00:00:00,15.3,124.4,95.0,952.0,TY
WP2013_24,2013-10-11 00:00:00,15.3,124.4,95.0,952.0,TY
WP2013_24,2013-10-11 06:00:00,15.4,123.3,95.0,952.0,TY
WP2013_24,2013-10-11 06:00:00,15.4,123.3,95.0,952.0,TY
WP2013_24,2013-10-11 06:00:00,15.4,123.3,95.0,952.0,TY
WP2013_24,2013-10-11 12:00:00,15.4,122.2,100.0,948.0,TY
WP2013_24,2013-10-11 12:00:00,15.4,122.2,100.0,948.0,TY
WP2013_24,2013-10-11 12:00:00,15.4,122.2,100.0,948.0,TY
WP2013_24,2013-10-11 18:00:00,15.4,120.5,90.0,956.0,TY
WP2013_24,2013-10-11 18:00:00,15.4,120.5,90.0,956.0,TY
WP2013_24,2013-10-11 18:00:00,15.4,120.5,90.0,956.0,TY
WP2013_24,2013-10-12 00:00:00,15.1,119.2,85.0,959.0,TY
WP2013_24,2013-10-12 00:00:00,15.1,119.2,85.0,959.0,TY
WP2013_24,2013-10-12 00:00:00,15.1,119.2,85.0,959.0,TY
WP2013_24,2013-10-12 06:00:00,15.2,118.1,85.0,959.0,TY
WP2013_24,2013-10-12 06:00:00,15.2,118.1,85.0,959.0,TY
WP2013_24,2013-10-12 06:00:00,15.2,118.1,85.0,959.0,TY
WP2013_24,2013-10-12 12:00:00,15.2,117.0,85.0,959.0,TY
WP2013_24,2013-10-12 12:00:00,15.2,117.0,85.0,959.0,TY
WP2013_24,2013-10-12 12:00:00,15.2,117.0,85.0,959.0,TY
WP2013_24,2013-10-12 18:00:00,15.2,115.8,85.0,959.0,TY
WP2013_24,2013-10-12 18:00:00,15.2,115.8,85.0,959.0,TY
WP2013_24,2013-10-12 18:00:00,15.2,115.8,85.0,959.0,TY
WP2013_24,2013-10-13 00:00:00,15.2,114.6,80.0,963.0,TY
WP2013_24,2013-10-13 00:00:00,15.2,114.6,80.0,963.0,TY
WP2013_24,2013-10-13 00:00:00,15.2,114.6,80.0,963.0,TY
WP2013_24,2013-10-13 06:00:00,15.3,113.7,80.0,963.0,TY
WP2013_24,2013-10-13 06:00:00,15.3,113.7,80.0,963.0,TY
WP2013_24,2013-10-13 06:00:00,15.3,113.7,80.0,963.0,TY
WP2013_24,2013-10-13 12:00:00,15.4,112.9,80.0,963.0,TY
WP2013_24,2013-10-13 12:00:00,15.4,112.9,80.0,963.0,TY
WP2013_24,2013-10-13 12:00:00,15.4,112.9,80.0,963.0,TY
WP2013_24,2013-10-13 18:00:00,15.5,112.0,80.0,963.0,TY
WP2013_24,2013-10-13 18:00:00,15.5,112.0,80.0,963.0,TY
WP2013_24,2013-10-13 18:00:00,15.5,112.0,80.0,963.0,TY
WP2013_24,2013-10-14 00:00:00,15.8,111.5,80.0,963.0,TY
WP2013_24,2013-10-14 00:00:00,15.8,111.5,80.0,963.0,TY
WP2013_24,2013-10-14 00:00:00,15.8,111.5,80.0,963.0,TY
WP2013_24,2013-10-14 06:00:00,15.9,110.7,80.0,963.0,TY
WP2013_24,2013-10-14 06:00:00,15.9,110.7,80.0,963.0,TY
WP2013_24,2013-10-14 06:00:00,15.9,110.7,80.0,963.0,TY
WP2013_24,2013-10-14 12:00:00,16.0,110.1,80.0,963.0,TY
WP2013_24,2013-10-14 12:00:00,16.0,110.1,80.0,963.0,TY
WP2013_24,2013-10-14 12:00:00,16.0,110.1,80.0,963.0,TY
WP2013_24,2013-10-14 18:00:00,16.0,109.0,75.0,967.0,TY
WP2013_24,2013-10-14 18:00:00,16.0,109.0,75.0,967.0,TY
WP2013_24,2013-10-14 18:00:00,16.0,109.0,75.0,967.0,TY
WP2013_24,2013-10-15 00:00:00,15.8,108.0,65.0,974.0,TY
WP2013_24,2013-10-15 00:00:00,15.8,108.0,65.0,974.0,TY
WP2013_24,2013-10-15 00:00:00,15.8,108.0,65.0,974.0,TY
WP2013_24,2013-10-15 06:00:00,15.3,107.0,60.0,978.0,TS
WP2013_24,2013-10-15 06:00:00,15.3,107.0,60.0,978.0,TS
WP2013_24,2013-10-15 12:00:00,15.0,105.7,45.0,989.0,TS
WP2013_25,2013-10-09 12:00:00,14.0,147.5,15.0,1010.0,DB
WP2013_25,2013-10-09 18:00:00,13.9,146.7,15.0,1010.0,DB
WP2013_25,2013-10-10 00:00:00,13.8,145.9,15.0,1010.0,DB
WP2013_25,2013-10-10 06:00:00,13.6,144.7,20.0,1004.0,DB
WP2013_25,2013-10-10 12:00:00,13.3,143.7,25.0,1004.0,TD
WP2013_25,2013-10-10 18:00:00,13.5,143.0,35.0,996.0,TS
WP2013_25,2013-10-11 00:00:00,13.9,142.2,40.0,993.0,TS
WP2013_25,2013-10-11 06:00:00,14.4,141.4,50.0,985.0,TS
WP2013_25,2013-10-11 12:00:00,14.9,140.6,50.0,985.0,TS
WP2013_25,2013-10-11 12:00:00,14.9,140.6,50.0,985.0,TS
WP2013_25,2013-10-11 18:00:00,15.5,139.9,60.0,978.0,TS
WP2013_25,2013-10-11 18:00:00,15.5,139.9,60.0,978.0,TS
WP2013_25,2013-10-12 00:00:00,16.0,139.2,60.0,978.0,TS
WP2013_25,2013-10-12 00:00:00,16.0,139.2,60.0,978.0,TS
WP2013_25,2013-10-12 06:00:00,16.7,138.8,60.0,978.0,TS
WP2013_25,2013-10-12 06:00:00,16.7,138.8,60.0,978.0,TS
WP2013_25,2013-10-12 12:00:00,17.2,138.4,65.0,974.0,TY
WP2013_25,2013-10-12 12:00:00,17.2,138.4,65.0,974.0,TY
WP2013_25,2013-10-12 18:00:00,17.9,137.9,80.0,963.0,TY
WP2013_25,2013-10-12 18:00:00,17.9,137.9,80.0,963.0,TY
WP2013_25,2013-10-12 18:00:00,17.9,137.9,80.0,963.0,TY
WP2013_25,2013-10-13 00:00:00,18.4,137.4,85.0,959.0,TY
WP2013_25,2013-10-13 00:00:00,18.4,137.4,85.0,959.0,TY
WP2013_25,2013-10-13 00:00:00,18.4,137.4,85.0,959.0,TY
WP2013_25,2013-10-13 06:00:00,19.1,137.1,105.0,944.0,TY
WP2013_25,2013-10-13 06:00:00,19.1,137.1,105.0,944.0,TY
WP2013_25,2013-10-13 06:00:00,19.1,137.1,105.0,944.0,TY
WP2013_25,2013-10-13 12:00:00,19.8,136.4,110.0,941.0,TY
WP2013_25,2013-10-13 12:00:00,19.8,136.4,110.0,941.0,TY
WP2013_25,2013-10-13 12:00:00,19.8,136.4,110.0,941.0,TY
WP2013_25,2013-10-13 18:00:00,20.6,135.9,120.0,933.0,TY
WP2013_25,2013-10-13 18:00:00,20.6,135.9,120.0,933.0,TY
WP2013_25,2013-10-13 18:00:00,20.6,135.9,120.0,933.0,TY
WP2013_25,2013-10-14 00:00:00,21.7,135.4,110.0,941.0,TY
WP2013_25,2013-10-14 00:00:00,21.7,135.4,110.0,941.0,TY
WP2013_25,2013-10-14 00:00:00,21.7,135.4,110.0,941.0,TY
WP2013_25,2013-10-14 06:00:00,23.0,134.9,110.0,941.0,TY
WP2013_25,2013-10-14 06:00:00,23.0,134.9,110.0,941.0,TY
WP2013_25,2013-10-14 06:00:00,23.0,134.9,110.0,941.0,TY
WP2013_25,2013-10-14 12:00:00,24.2,134.3,100.0,948.0,TY
WP2013_25,2013-10-14 12:00:00,24.2,134.3,100.0,948.0,TY
WP2013_25,2013-10-14 12:00:00,24.2,134.3,100.0,948.0,TY
WP2013_25,2013-10-14 18:00:00,25.6,133.9,100.0,948.0,TY
WP2013_25,2013-10-14 18:00:00,25.6,133.9,100.0,948.0,TY
WP2013_25,2013-10-14 18:00:00,25.6,133.9,100.0,948.0,TY
WP2013_25,2013-10-15 00:00:00,27.0,133.9,85.0,959.0,TY
WP2013_25,2013-10-15 00:00:00,27.0,133.9,85.0,959.0,TY
WP2013_25,2013-10-15 00:00:00,27.0,133.9,85.0,959.0,TY
WP2013_25,2013-10-15 06:00:00,28.4,134.6,85.0,959.0,TY
WP2013_25,2013-10-15 06:00:00,28.4,134.6,85.0,959.0,TY
WP2013_25,2013-10-15 06:00:00,28.4,134.6,85.0,959.0,TY
WP2013_25,2013-10-15 12:00:00,30.4,136.4,70.0,970.0,TY
WP2013_25,2013-10-15 12:00:00,30.4,136.4,70.0,970.0,TY
WP2013_25,2013-10-15 12:00:00,30.4,136.4,70.0,970.0,TY
WP2013_25,2013-10-15 18:00:00,32.8,138.9,70.0,970.0,TY
WP2013_25,2013-10-15 18:00:00,32.8,138.9,70.0,970.0,TY
WP2013_25,2013-10-16 00:00:00,36.1,142.1,55.0,982.0,EX
WP2013_25,2013-10-16 00:00:00,36.1,142.1,55.0,982.0,EX
WP2013_25,2013-10-16 06:00:00,40.2,145.4,45.0,989.0,EX
WP2013_26,2013-10-15 12:00:00,14.0,148.4,20.0,1007.0,DB
WP2013_26,2013-10-15 18:00:00,13.6,146.8,20.0,1007.0,DB
WP2013_26,2013-10-16 00:00:00,12.7,145.1,25.0,1004.0,TD
WP2013_26,2013-10-16 06:00:00,12.2,144.1,30.0,1000.0,TD
WP2013_26,2013-10-16 12:00:00,11.6,143.4,40.0,993.0,TS
WP2013_26,2013-10-16 18:00:00,10.9,143.2,55.0,982.0,TS
WP2013_26,2013-10-16 18:00:00,10.9,143.2,55.0,982.0,TS
WP2013_26,2013-10-17 00:00:00,11.0,142.8,65.0,974.0,TY
WP2013_26,2013-10-17 00:00:00,11.0,142.8,65.0,974.0,TY
WP2013_26,2013-10-17 00:00:00,11.0,142.8,65.0,974.0,TY
WP2013_26,2013-10-17 06:00:00,11.4,142.7,80.0,963.0,TY
WP2013_26,2013-10-17 06:00:00,11.4,142.7,80.0,963.0,TY
WP2013_26,2013-10-17 06:00:00,11.4,142.7,80.0,963.0,TY
WP2013_26,2013-10-17 12:00:00,12.0,142.9,95.0,952.0,TY
WP2013_26,2013-10-17 12:00:00,12.0,142.9,95.0,952.0,TY
WP2013_26,2013-10-17 12:00:00,12.0,142.9,95.0,952.0,TY
WP2013_26,2013-10-17 18:00:00,13.2,142.7,110.0,941.0,TY
WP2013_26,2013-10-17 18:00:00,13.2,142.7,110.0,941.0,TY
WP2013_26,2013-10-17 18:00:00,13.2,142.7,110.0,941.0,TY
WP2013_26,2013-10-18 00:00:00,13.8,142.3,115.0,937.0,TY
WP2013_26,2013-10-18 00:00:00,13.8,142.3,115.0,937.0,TY
WP2013_26,2013-10-18 00:00:00,13.8,142.3,115.0,937.0,TY
WP2013_26,2013-10-18 06:00:00,14.2,142.0,125.0,929.0,TY
WP2013_26,2013-10-18 06:00:00,14.2,142.0,125.0,929.0,TY
WP2013_26,2013-10-18 06:00:00,14.2,142.0,125.0,929.0,TY
WP2013_26,2013-10-18 12:00:00,15.2,141.9,130.0,926.0,ST
WP2013_26,2013-10-18 12:00:00,15.2,141.9,130.0,926.0,ST
WP2013_26,2013-10-18 12:00:00,15.2,141.9,130.0,926.0,ST
WP2013_26,2013-10-18 18:00:00,15.9,141.1,135.0,922.0,ST
WP2013_26,2013-10-18 18:00:00,15.9,141.1,135.0,922.0,ST
WP2013_26,2013-10-18 18:00:00,15.9,141.1,135.0,922.0,ST
WP2013_26,2013-10-19 00:00:00,16.2,140.4,135.0,922.0,ST
WP2013_26,2013-10-19 00:00:00,16.2,140.4,135.0,922.0,ST
WP2013_26,2013-10-19 00:00:00,16.2,140.4,135.0,922.0,ST
WP2013_26,2013-10-19 06:00:00,16.7,139.7,135.0,922.0,ST
WP2013_26,2013-10-19 06:00:00,16.7,139.7,135.0,922.0,ST
WP2013_26,2013-10-19 06:00:00,16.7,139.7,135.0,922.0,ST
WP2013_26,2013-10-19 12:00:00,17.1,139.1,140.0,918.0,ST
WP2013_26,2013-10-19 12:00:00,17.1,139.1,140.0,918.0,ST
WP2013_26,2013-10-19 12:00:00,17.1,139.1,140.0,918.0,ST
WP2013_26,2013-10-19 18:00:00,17.4,138.4,140.0,918.0,ST
WP2013_26,2013-10-19 18:00:00,17.4,138.4,140.0,918.0,ST
WP2013_26,2013-10-19 18:00:00,17.4,138.4,140.0,918.0,ST
WP2013_26,2013-10-20 00:00:00,17.8,137.8,135.0,922.0,ST
WP2013_26,2013-10-20 00:00:00,17.8,137.8,135.0,922.0,ST
WP2013_26,2013-10-20 00:00:00,17.8,137.8,135.0,922.0,ST
WP2013_26,2013-10-20 06:00:00,18.3,137.3,125.0,929.0,TY
WP2013_26,2013-10-20 06:00:00,18.3,137.3,125.0,929.0,TY
WP2013_26,2013-10-20 06:00:00,18.3,137.3,125.0,929.0,TY
WP2013_26,2013-10-20 12:00:00,18.7,136.9,115.0,937.0,TY
WP2013_26,2013-10-20 12:00:00,18.7,136.9,115.0,937.0,TY
WP2013_26,2013-10-20 12:00:00,18.7,136.9,115.0,937.0,TY
WP2013_26,2013-10-20 18:00:00,19.3,136.6,110.0,941.0,TY
WP2013_26,2013-10-20 18:00:00,19.3,136.6,110.0,941.0,TY
WP2013_26,2013-10-20 18:00:00,19.3,136.6,110.0,941.0,TY
WP2013_26,2013-10-21 00:00:00,19.8,136.2,100.0,948.0,TY
WP2013_26,2013-10-21 00:00:00,19.8,136.2,100.0,948.0,TY
WP2013_26,2013-10-21 00:00:00,19.8,136.2,100.0,948.0,TY
WP2013_26,2013-10-21 06:00:00,20.4,135.9,95.0,952.0,TY
WP2013_26,2013-10-21 06:00:00,20.4,135.9,95.0,952.0,TY
WP2013_26,2013-10-21 06:00:00,20.4,135.9,95.0,952.0,TY
WP2013_26,2013-10-21 12:00:00,21.0,135.6,90.0,956.0,TY
WP2013_26,2013-10-21 12:00:00,21.0,135.6,90.0,956.0,TY
WP2013_26,2013-10-21 12:00:00,21.0,135.6,90.0,956.0,TY
WP2013_26,2013-10-21 18:00:00,21.7,135.2,85.0,959.0,TY
WP2013_26,2013-10-21 18:00:00,21.7,135.2,85.0,959.0,TY
WP2013_26,2013-10-21 18:00:00,21.7,135.2,85.0,959.0,TY
WP2013_26,2013-10-22 00:00:00,22.2,134.5,80.0,963.0,TY
WP2013_26,2013-10-22 00:00:00,22.2,134.5,80.0,963.0,TY
WP2013_26,2013-10-22 00:00:00,22.2,134.5,80.0,963.0,TY
WP2013_26,2013-10-22 06:00:00,22.7,133.7,85.0,959.0,TY
WP2013_26,2013-10-22 06:00:00,22.7,133.7,85.0,959.0,TY
WP2013_26,2013-10-22 06:00:00,22.7,133.7,85.0,959.0,TY
WP2013_26,2013-10-22 12:00:00,23.2,133.0,90.0,956.0,TY
WP2013_26,2013-10-22 12:00:00,23.2,133.0,90.0,956.0,TY
WP2013_26,2013-10-22 12:00:00,23.2,133.0,90.0,956.0,TY
WP2013_26,2013-10-22 18:00:00,23.6,132.2,90.0,956.0,TY
WP2013_26,2013-10-22 18:00:00,23.6,132.2,90.0,956.0,TY
WP2013_26,2013-10-22 18:00:00,23.6,132.2,90.0,956.0,TY
WP2013_26,2013-10-23 00:00:00,24.0,131.4,80.0,963.0,TY
WP2013_26,2013-10-23 00:00:00,24.0,131.4,80.0,963.0,TY
WP2013_26,2013-10-23 00:00:00,24.0,131.4,80.0,963.0,TY
WP2013_26,2013-10-23 06:00:00,24.3,130.6,70.0,970.0,TY
WP2013_26,2013-10-23 06:00:00,24.3,130.6,70.0,970.0,TY
WP2013_26,2013-10-23 06:00:00,24.3,130.6,70.0,970.0,TY
WP2013_26,2013-10-23 12:00:00,24.5,130.1,70.0,970.0,TY
WP2013_26,2013-10-23 12:00:00,24.5,130.1,70.0,970.0,TY
WP2013_26,2013-10-23 18:00:00,24.8,129.9,65.0,974.0,TY
WP2013_26,2013-10-23 18:00:00,24.8,129.9,65.0,974.0,TY
WP2013_26,2013-10-24 00:00:00,25.1,129.8,60.0,978.0,TS
WP2013_26,2013-10-24 00:00:00,25.1,129.8,60.0,978.0,TS
WP2013_26,2013-10-24 06:00:00,25.8,129.8,60.0,978.0,TS
WP2013_26,2013-10-24 06:00:00,25.8,129.8,60.0,978.0,TS
WP2013_26,2013-10-24 12:00:00,26.5,130.2,60.0,978.0,TS
WP2013_26,2013-10-24 12:00:00,26.5,130.2,60.0,978.0,TS
WP2013_26,2013-10-24 18:00:00,27.2,131.0,60.0,978.0,TS
WP2013_26,2013-10-24 18:00:00,27.2,131.0,60.0,978.0,TS
WP2013_26,2013-10-25 00:00:00,27.9,131.8,55.0,982.0,TS
WP2013_26,2013-10-25 00:00:00,27.9,131.8,55.0,982.0,TS
WP2013_26,2013-10-25 06:00:00,28.8,133.1,50.0,985.0,TS
WP2013_26,2013-10-25 12:00:00,29.7,134.9,50.0,985.0,TS
WP2013_26,2013-10-25 18:00:00,31.2,137.6,40.0,993.0,TS
WP2013_26,2013-10-26 00:00:00,31.8,140.5,40.0,993.0,EX
WP2013_27,2013-10-17 00:00:00,13.8,152.6,15.0,1010.0,DB
WP2013_27,2013-10-17 06:00:00,14.5,153.0,15.0,1010.0,DB
WP2013_27,2013-10-17 12:00:00,15.4,153.3,15.0,1010.0,DB
WP2013_27,2013-10-17 18:00:00,16.3,153.1,20.0,1007.0,DB
WP2013_27,2013-10-18 00:00:00,17.1,152.9,25.0,1004.0,TD
WP2013_27,2013-10-18 06:00:00,17.8,152.6,25.0,1004.0,TD
WP2013_27,2013-10-18 12:00:00,18.4,152.4,25.0,1004.0,TD
WP2013_27,2013-10-18 18:00:00,19.0,152.2,25.0,1004.0,TD
WP2013_27,2013-10-19 00:00:00,19.4,151.7,25.0,1004.0,TD
WP2013_27,2013-10-19 06:00:00,20.2,151.2,30.0,1000.0,TD
WP2013_27,2013-10-19 12:00:00,20.9,150.4,30.0,1000.0,TD
WP2013_27,2013-10-19 18:00:00,21.7,149.0,30.0,1000.0,TD
WP2013_27,2013-10-20 00:00:00,22.5,147.3,25.0,1004.0,TD
WP2013_27,2013-10-20 06:00:00,23.6,145.8,25.0,1004.0,TD
WP2013_27,2013-10-20 12:00:00,24.7,144.3,25.0,1004.0,TD
WP2013_27,2013-10-20 18:00:00,26.2,143.1,25.0,1004.0,TD
WP2013_27,2013-10-21 00:00:00,28.1,142.4,25.0,1004.0,TD
WP2013_27,2013-10-21 06:00:00,29.9,142.4,25.0,1004.0,TD
WP2013_27,2013-10-21 12:00:00,31.1,143.4,25.0,1004.0,TD
WP2013_27,2013-10-21 18:00:00,31.4,144.2,20.0,1007.0,EX
WP2013_27,2013-10-22 00:00:00,31.9,145.9,20.0,1007.0,EX
WP2013_28,2013-10-19 06:00:00,9.2,163.3,15.0,1010.0,DB
WP2013_28,2013-10-19 12:00:00,9.9,163.2,15.0,1010.0,DB
WP2013_28,2013-10-19 18:00:00,10.4,162.7,20.0,1004.0,DB
WP2013_28,2013-10-20 00:00:00,10.7,162.1,20.0,1005.0,DB
WP2013_28,2013-10-20 06:00:00,10.8,161.4,20.0,1007.0,DB
WP2013_28,2013-10-20 12:00:00,10.5,160.9,25.0,1004.0,TD
WP2013_28,2013-10-20 18:00:00,10.9,160.8,35.0,996.0,TS
WP2013_28,2013-10-21 00:00:00,11.6,160.9,45.0,989.0,TS
WP2013_28,2013-10-21 06:00:00,12.2,160.6,50.0,985.0,TS
WP2013_28,2013-10-21 12:00:00,13.1,160.0,60.0,978.0,TS
WP2013_28,2013-10-21 12:00:00,13.1,160.0,60.0,978.0,TS
WP2013_28,2013-10-21 18:00:00,13.9,159.1,70.0,970.0,TY
WP2013_28,2013-10-21 18:00:00,13.9,159.1,70.0,970.0,TY
WP2013_28,2013-10-22 00:00:00,15.1,158.1,90.0,956.0,TY
WP2013_28,2013-10-22 00:00:00,15.1,158.1,90.0,956.0,TY
WP2013_28,2013-10-22 00:00:00,15.1,158.1,90.0,956.0,TY
WP2013_28,2013-10-22 06:00:00,16.3,156.7,105.0,944.0,TY
WP2013_28,2013-10-22 06:00:00,16.3,156.7,105.0,944.0,TY
WP2013_28,2013-10-22 06:00:00,16.3,156.7,105.0,944.0,TY
WP2013_28,2013-10-22 12:00:00,17.2,155.3,125.0,929.0,TY
WP2013_28,2013-10-22 12:00:00,17.2,155.3,125.0,929.0,TY
WP2013_28,2013-10-22 12:00:00,17.2,155.3,125.0,929.0,TY
WP2013_28,2013-10-22 18:00:00,18.1,153.8,140.0,918.0,ST
WP2013_28,2013-10-22 18:00:00,18.1,153.8,140.0,918.0,ST
WP2013_28,2013-10-22 18:00:00,18.1,153.8,140.0,918.0,ST
WP2013_28,2013-10-23 00:00:00,18.6,152.2,140.0,918.0,ST
WP2013_28,2013-10-23 00:00:00,18.6,152.2,140.0,918.0,ST
WP2013_28,2013-10-23 00:00:00,18.6,152.2,140.0,918.0,ST
WP2013_28,2013-10-23 06:00:00,19.0,150.9,135.0,922.0,ST
WP2013_28,2013-10-23 06:00:00,19.0,150.9,135.0,922.0,ST
WP2013_28,2013-10-23 06:00:00,19.0,150.9,135.0,922.0,ST
WP2013_28,2013-10-23 12:00:00,19.4,149.8,140.0,918.0,ST
WP2013_28,2013-10-23 12:00:00,19.4,149.8,140.0,918.0,ST
WP2013_28,2013-10-23 12:00:00,19.4,149.8,140.0,918.0,ST
WP2013_28,2013-10-23 18:00:00,19.9,148.7,140.0,918.0,ST
WP2013_28,2013-10-23 18:00:00,19.9,148.7,140.0,918.0,ST
WP2013_28,2013-10-23 18:00:00,19.9,148.7,140.0,918.0,ST
WP2013_28,2013-10-24 00:00:00,20.6,147.6,135.0,922.0,ST
WP2013_28,2013-10-24 00:00:00,20.6,147.6,135.0,922.0,ST
WP2013_28,2013-10-24 00:00:00,20.6,147.6,135.0,922.0,ST
WP2013_28,2013-10-24 06:00:00,21.4,146.5,130.0,926.0,ST
WP2013_28,2013-10-24 06:00:00,21.4,146.5,130.0,926.0,ST
WP2013_28,2013-10-24 06:00:00,21.4,146.5,130.0,926.0,ST
WP2013_28,2013-10-24 12:00:00,22.4,145.6,125.0,929.0,TY
WP2013_28,2013-10-24 12:00:00,22.4,145.6,125.0,929.0,TY
WP2013_28,2013-10-24 12:00:00,22.4,145.6,125.0,929.0,TY
WP2013_28,2013-10-24 18:00:00,23.6,144.7,120.0,933.0,TY
WP2013_28,2013-10-24 18:00:00,23.6,144.7,120.0,933.0,TY
WP2013_28,2013-10-24 18:00:00,23.6,144.7,120.0,933.0,TY
WP2013_28,2013-10-25 00:00:00,25.0,144.3,115.0,937.0,TY
WP2013_28,2013-10-25 00:00:00,25.0,144.3,115.0,937.0,TY
WP2013_28,2013-10-25 00:00:00,25.0,144.3,115.0,937.0,TY
WP2013_28,2013-10-25 06:00:00,26.9,144.5,115.0,937.0,TY
WP2013_28,2013-10-25 06:00:00,26.9,144.5,115.0,937.0,TY
WP2013_28,2013-10-25 06:00:00,26.9,144.5,115.0,937.0,TY
WP2013_28,2013-10-25 12:00:00,29.2,145.0,100.0,948.0,TY
WP2013_28,2013-10-25 12:00:00,29.2,145.0,100.0,948.0,TY
WP2013_28,2013-10-25 12:00:00,29.2,145.0,100.0,948.0,TY
WP2013_28,2013-10-25 18:00:00,31.8,146.7,95.0,952.0,TY
WP2013_28,2013-10-25 18:00:00,31.8,146.7,95.0,952.0,TY
WP2013_28,2013-10-25 18:00:00,31.8,146.7,95.0,952.0,TY
WP2013_28,2013-10-26 00:00:00,34.5,148.8,75.0,967.0,TY
WP2013_28,2013-10-26 00:00:00,34.5,148.8,75.0,967.0,TY
WP2013_28,2013-10-26 00:00:00,34.5,148.8,75.0,967.0,TY
WP2013_28,2013-10-26 06:00:00,37.2,152.7,65.0,974.0,EX
WP2013_28,2013-10-26 06:00:00,37.2,152.7,65.0,974.0,EX
WP2013_28,2013-10-26 06:00:00,37.2,152.7,65.0,974.0,EX
WP2013_28,2013-10-26 12:00:00,39.6,156.5,45.0,989.0,EX
WP2013_29,2013-10-28 00:00:00,14.4,140.0,15.0,1010.0,DB
WP2013_29,2013-10-28 06:00:00,14.7,138.6,20.0,1006.0,DB
WP2013_29,2013-10-28 12:00:00,14.9,137.3,20.0,1006.0,DB
WP2013_29,2013-10-28 18:00:00,15.8,136.2,20.0,1007.0,DB
WP2013_29,2013-10-29 00:00:00,15.5,134.6,25.0,1004.0,TD
WP2013_29,2013-10-29 06:00:00,15.6,133.8,25.0,1004.0,TD
WP2013_29,2013-10-29 12:00:00,15.7,132.5,30.0,1000.0,TD
WP2013_29,2013-10-29 18:00:00,16.0,131.1,30.0,1000.0,TD
WP2013_29,2013-10-30 00:00:00,16.4,129.8,40.0,993.0,TS
WP2013_29,2013-10-30 06:00:00,16.8,128.3,45.0,989.0,TS
WP2013_29,2013-10-30 12:00:00,17.1,126.9,60.0,978.0,TS
WP2013_29,2013-10-30 12:00:00,17.1,126.9,60.0,978.0,TS
WP2013_29,2013-10-30 18:00:00,17.5,125.5,70.0,970.0,TY
WP2013_29,2013-10-30 18:00:00,17.5,125.5,70.0,970.0,TY
WP2013_29,2013-10-30 18:00:00,17.5,125.5,70.0,970.0,TY
WP2013_29,2013-10-31 00:00:00,17.7,124.2,80.0,963.0,TY
WP2013_29,2013-10-31 00:00:00,17.7,124.2,80.0,963.0,TY
WP2013_29,2013-10-31 00:00:00,17.7,124.2,80.0,963.0,TY
WP2013_29,2013-10-31 06:00:00,17.9,123.0,80.0,963.0,TY
WP2013_29,2013-10-31 06:00:00,17.9,123.0,80.0,963.0,TY
WP2013_29,2013-10-31 06:00:00,17.9,123.0,80.0,963.0,TY
WP2013_29,2013-10-31 12:00:00,18.2,121.8,90.0,956.0,TY
WP2013_29,2013-10-31 12:00:00,18.2,121.8,90.0,956.0,TY
WP2013_29,2013-10-31 12:00:00,18.2,121.8,90.0,956.0,TY
WP2013_29,2013-10-31 18:00:00,18.5,120.5,80.0,963.0,TY
WP2013_29,2013-10-31 18:00:00,18.5,120.5,80.0,963.0,TY
WP2013_29,2013-10-31 18:00:00,18.5,120.5,80.0,963.0,TY
WP2013_29,2013-11-01 00:00:00,18.8,119.3,80.0,963.0,TY
WP2013_29,2013-11-01 00:00:00,18.8,119.3,80.0,963.0,TY
WP2013_29,2013-11-01 00:00:00,18.8,119.3,80.0,963.0,TY
WP2013_29,2013-11-01 06:00:00,19.0,118.2,80.0,963.0,TY
WP2013_29,2013-11-01 06:00:00,19.0,118.2,80.0,963.0,TY
WP2013_29,2013-11-01 06:00:00,19.0,118.2,80.0,963.0,TY
WP2013_29,2013-11-01 12:00:00,19.2,117.1,85.0,959.0,TY
WP2013_29,2013-11-01 12:00:00,19.2,117.1,85.0,959.0,TY
WP2013_29,2013-11-01 12:00:00,19.2,117.1,85.0,959.0,TY
WP2013_29,2013-11-01 18:00:00,19.4,116.4,100.0,948.0,TY
WP2013_29,2013-11-01 18:00:00,19.4,116.4,100.0,948.0,TY
WP2013_29,2013-11-01 18:00:00,19.4,116.4,100.0,948.0,TY
WP2013_29,2013-11-02 00:00:00,19.6,115.8,105.0,944.0,TY
WP2013_29,2013-11-02 00:00:00,19.6,115.8,105.0,944.0,TY
WP2013_29,2013-11-02 00:00:00,19.6,115.8,105.0,944.0,TY
WP2013_29,2013-11-02 06:00:00,19.9,115.3,100.0,948.0,TY
WP2013_29,2013-11-02 06:00:00,19.9,115.3,100.0,948.0,TY
WP2013_29,2013-11-02 06:00:00,19.9,115.3,100.0,948.0,TY
WP2013_29,2013-11-02 12:00:00,20.1,115.0,95.0,952.0,TY
WP2013_29,2013-11-02 12:00:00,20.1,115.0,95.0,952.0,TY
WP2013_29,2013-11-02 12:00:00,20.1,115.0,95.0,952.0,TY
WP2013_29,2013-11-02 18:00:00,20.2,114.8,80.0,963.0,TY
WP2013_29,2013-11-02 18:00:00,20.2,114.8,80.0,963.0,TY
WP2013_29,2013-11-02 18:00:00,20.2,114.8,80.0,963.0,TY
WP2013_29,2013-11-03 00:00:00,20.2,114.6,75.0,967.0,TY
WP2013_29,2013-11-03 00:00:00,20.2,114.6,75.0,967.0,TY
WP2013_29,2013-11-03 00:00:00,20.2,114.6,75.0,967.0,TY
WP2013_29,2013-11-03 06:00:00,20.1,114.4,65.0,974.0,TY
WP2013_29,2013-11-03 06:00:00,20.1,114.4,65.0,974.0,TY
WP2013_29,2013-11-03 06:00:00,20.1,114.4,65.0,974.0,TY
WP2013_29,2013-11-03 12:00:00,19.8,113.9,55.0,982.0,TS
WP2013_29,2013-11-03 12:00:00,19.8,113.9,55.0,982.0,TS
WP2013_29,2013-11-03 18:00:00,19.2,113.1,45.0,989.0,TS
WP2013_29,2013-11-04 00:00:00,18.4,112.2,30.0,1000.0,TD
WP2013_29,2013-11-04 06:00:00,17.6,111.3,25.0,1004.0,TD
WP2013_29,2013-11-04 12:00:00,16.8,110.2,25.0,1004.0,TD
WP2013_29,2013-11-04 18:00:00,15.9,108.8,20.0,1007.0,DB
WP2013_30,2013-11-01 06:00:00,7.0,141.0,15.0,1010.0,DB
WP2013_30,2013-11-01 12:00:00,7.1,139.6,15.0,1010.0,DB
WP2013_30,2013-11-01 18:00:00,7.0,138.3,20.0,1007.0,DB
WP2013_30,2013-11-02 00:00:00,7.1,137.0,20.0,1007.0,DB
WP2013_30,2013-11-02 06:00:00,7.1,135.9,20.0,1007.0,DB
WP2013_30,2013-11-02 12:00:00,7.3,135.1,25.0,1004.0,TD
WP2013_30,2013-11-02 18:00:00,7.5,134.2,25.0,1004.0,TD
WP2013_30,2013-11-03 00:00:00,8.2,133.1,25.0,1004.0,TD
WP2013_30,2013-11-03 06:00:00,8.7,131.4,25.0,1004.0,TD
WP2013_30,2013-11-03 12:00:00,9.1,129.8,30.0,1000.0,TD
WP2013_30,2013-11-03 18:00:00,9.3,128.0,30.0,1000.0,TD
WP2013_30,2013-11-04 00:00:00,9.7,126.7,30.0,1000.0,TD
WP2013_30,2013-11-04 06:00:00,10.3,125.4,30.0,1000.0,TD
WP2013_30,2013-11-04 12:00:00,10.0,123.2,25.0,1004.0,TD
WP2013_30,2013-11-04 18:00:00,10.5,121.7,30.0,1000.0,TD
WP2013_30,2013-11-05 00:00:00,11.1,119.6,30.0,1000.0,TD
WP2013_30,2013-11-05 06:00:00,10.9,116.9,35.0,996.0,TS
WP2013_30,2013-11-05 12:00:00,11.5,114.8,35.0,996.0,TS
WP2013_30,2013-11-05 18:00:00,12.0,112.9,30.0,1000.0,TD
WP2013_30,2013-11-06 00:00:00,11.9,111.2,30.0,1000.0,TD
WP2013_30,2013-11-06 06:00:00,11.7,110.0,25.0,1004.0,TD
WP2013_30,2013-11-06 12:00:00,11.6,109.0,25.0,1004.0,TD
WP2013_30,2013-11-06 18:00:00,12.1,107.7,25.0,1004.0,TD
WP2013_30,2013-11-07 00:00:00,12.4,105.7,20.0,1007.0,DB
WP2013_30,2013-11-07 06:00:00,12.3,103.2,20.0,1007.0,DB
WP2013_30,2013-11-07 12:00:00,11.9,102.0,25.0,1004.0,TD
WP2013_30,2013-11-07 18:00:00,12.1,101.0,30.0,1000.0,TD
WP2013_30,2013-11-08 00:00:00,12.2,100.2,30.0,1000.0,TD
WP2013_30,2013-11-08 06:00:00,12.9,99.0,25.0,1004.0,TD
WP2013_30,2013-11-08 12:00:00,13.4,98.0,20.0,1007.0,DB
WP2013_30,2013-11-08 18:00:00,13.8,96.5,20.0,1007.0,DB
WP2013_30,2013-11-09 00:00:00,13.5,95.1,20.0,1007.0,DB
WP2013_30,2013-11-09 06:00:00,13.3,94.0,25.0,1004.0,TD
WP2013_30,2013-11-09 12:00:00,13.2,93.3,25.0,1004.0,TD
WP2013_30,2013-11-09 18:00:00,13.0,92.6,25.0,1004.0,TD
WP2013_30,2013-11-10 00:00:00,12.7,91.8,25.0,1004.0,TD
WP2013_30,2013-11-10 06:00:00,12.4,91.0,25.0,1004.0,TD
WP2013_30,2013-11-10 12:00:00,12.1,90.3,25.0,1004.0,TD
WP2013_30,2013-11-10 18:00:00,12.0,89.8,25.0,1004.0,TD
WP2013_30,2013-11-11 00:00:00,11.9,89.5,25.0,1004.0,TD
WP2013_30,2013-11-11 06:00:00,11.8,89.1,25.0,1004.0,TD
WP2013_30,2013-11-11 12:00:00,11.4,88.5,25.0,1004.0,TD
WP2013_30,2013-11-11 18:00:00,11.0,87.9,20.0,1007.0,DB
WP2013_30,2013-11-12 00:00:00,10.6,87.3,20.0,1007.0,DB
WP2013_30,2013-11-12 06:00:00,10.6,87.0,25.0,1004.0,TD
WP2013_30,2013-11-12 12:00:00,10.6,86.8,25.0,1004.0,TD
WP2013_30,2013-11-12 18:00:00,10.7,86.7,25.0,1004.0,TD
WP2013_30,2013-11-13 00:00:00,10.8,86.5,25.0,1004.0,TD
WP2013_30,2013-11-13 06:00:00,10.9,86.2,25.0,1004.0,TD
WP2013_30,2013-11-13 12:00:00,10.9,85.9,30.0,1000.0,TD
WP2013_30,2013-11-13 18:00:00,10.8,85.7,30.0,1002.0,TD
WP2013_30,2013-11-14 00:00:00,10.7,85.5,30.0,1000.0,TD
WP2013_30,2013-11-14 06:00:00,10.5,85.4,30.0,1000.0,TD
WP2013_30,2013-11-14 12:00:00,10.2,85.2,30.0,1000.0,TD
WP2013_30,2013-11-14 18:00:00,9.7,84.7,30.0,1000.0,TD
WP2013_30,2013-11-15 00:00:00,9.3,84.1,30.0,1000.0,TD
WP2013_30,2013-11-15 06:00:00,9.4,83.5,30.0,1000.0,TD
WP2013_30,2013-11-15 12:00:00,9.7,82.7,30.0,1000.0,TD
WP2013_30,2013-11-15 18:00:00,10.3,82.0,35.0,996.0,TS
WP2013_30,2013-11-16 00:00:00,10.7,81.1,30.0,1000.0,TD
WP2013_30,2013-11-16 06:00:00,11.0,80.0,30.0,1000.0,TD
WP2013_30,2013-11-16 12:00:00,11.2,78.9,25.0,1004.0,TD
WP2013_30,2013-11-16 18:00:00,11.4,77.5,20.0,1007.0,DB
WP2013_30,2013-11-17 00:00:00,11.2,76.3,20.0,1007.0,DB
WP2013_30,2013-11-17 06:00:00,11.0,75.1,15.0,1010.0,DB
WP2013_30,2013-11-17 12:00:00,10.9,73.7,20.0,1007.0,DB
WP2013_30,2013-11-17 18:00:00,11.2,72.6,20.0,1007.0,DB
WP2013_30,2013-11-18 00:00:00,11.6,71.2,20.0,1007.0,DB
WP2013_30,2013-11-18 06:00:00,12.1,70.1,20.0,1007.0,DB
WP2013_30,2013-11-18 12:00:00,12.5,68.6,20.0,1007.0,DB
WP2013_30,2013-11-18 18:00:00,12.5,67.4,20.0,1007.0,DB
WP2013_30,2013-11-19 00:00:00,12.5,66.1,20.0,1007.0,DB
WP2013_30,2013-11-19 06:00:00,12.2,64.5,20.0,1007.0,DB
WP2013_30,2013-11-19 12:00:00,12.3,62.8,20.0,1007.0,TD
WP2013_30,2013-11-19 18:00:00,12.7,61.4,20.0,1007.0,DB
WP2013_30,2013-11-20 00:00:00,12.8,59.9,20.0,1007.0,DB
WP2013_30,2013-11-20 06:00:00,12.8,59.4,20.0,1007.0,DB
WP2013_30,2013-11-20 12:00:00,13.0,58.3,20.0,1007.0,DB
WP2013_30,2013-11-20 18:00:00,12.8,57.1,20.0,1007.0,DB
WP2013_30,2013-11-21 00:00:00,12.5,56.0,20.0,1007.0,DB
WP2013_31,2013-11-02 06:00:00,6.6,161.6,15.0,1010.0,DB
WP2013_31,2013-11-02 12:00:00,6.2,160.3,15.0,1010.0,DB
WP2013_31,2013-11-02 18:00:00,6.1,158.8,15.0,1010.0,DB
WP2013_31,2013-11-03 00:00:00,6.2,157.2,20.0,1007.0,DB
WP2013_31,2013-11-03 06:00:00,6.3,155.7,25.0,1004.0,TD
WP2013_31,2013-11-03 12:00:00,6.6,154.3,30.0,1000.0,TD
WP2013_31,2013-11-03 18:00:00,6.3,152.9,30.0,1000.0,TD
WP2013_31,2013-11-04 00:00:00,6.1,151.5,35.0,996.0,TS
WP2013_31,2013-11-04 06:00:00,6.1,150.1,40.0,993.0,TS
WP2013_31,2013-11-04 12:00:00,6.3,148.7,45.0,989.0,TS
WP2013_31,2013-11-04 18:00:00,6.4,147.2,55.0,982.0,TS
WP2013_31,2013-11-04 18:00:00,6.4,147.2,55.0,982.0,TS
WP2013_31,2013-11-05 00:00:00,6.4,145.7,70.0,970.0,TY
WP2013_31,2013-11-05 00:00:00,6.4,145.7,70.0,970.0,TY
WP2013_31,2013-11-05 06:00:00,6.5,144.2,75.0,967.0,TY
WP2013_31,2013-11-05 06:00:00,6.5,144.2,75.0,967.0,TY
WP2013_31,2013-11-05 06:00:00,6.5,144.2,75.0,967.0,TY
WP2013_31,2013-11-05 12:00:00,6.9,142.9,90.0,956.0,TY
WP2013_31,2013-11-05 12:00:00,6.9,142.9,90.0,956.0,TY
WP2013_31,2013-11-05 12:00:00,6.9,142.9,90.0,956.0,TY
WP2013_31,2013-11-05 18:00:00,7.1,141.3,110.0,941.0,TY
WP2013_31,2013-11-05 18:00:00,7.1,141.3,110.0,941.0,TY
WP2013_31,2013-11-05 18:00:00,7.1,141.3,110.0,941.0,TY
WP2013_31,2013-11-06 00:00:00,7.3,139.7,130.0,926.0,ST
WP2013_31,2013-11-06 00:00:00,7.3,139.7,130.0,926.0,ST
WP2013_31,2013-11-06 00:00:00,7.3,139.7,130.0,926.0,ST
WP2013_31,2013-11-06 06:00:00,7.6,138.0,135.0,922.0,ST
WP2013_31,2013-11-06 06:00:00,7.6,138.0,135.0,922.0,ST
WP2013_31,2013-11-06 06:00:00,7.6,138.0,135.0,922.0,ST
WP2013_31,2013-11-06 12:00:00,7.9,136.1,150.0,911.0,ST
WP2013_31,2013-11-06 12:00:00,7.9,136.1,150.0,911.0,ST
WP2013_31,2013-11-06 12:00:00,7.9,136.1,150.0,911.0,ST
WP2013_31,2013-11-06 18:00:00,8.2,134.3,155.0,907.0,ST
WP2013_31,2013-11-06 18:00:00,8.2,134.3,155.0,907.0,ST
WP2013_31,2013-11-06 18:00:00,8.2,134.3,155.0,907.0,ST
WP2013_31,2013-11-07 00:00:00,8.7,132.7,155.0,907.0,ST
WP2013_31,2013-11-07 00:00:00,8.7,132.7,155.0,907.0,ST
WP2013_31,2013-11-07 00:00:00,8.7,132.7,155.0,907.0,ST
WP2013_31,2013-11-07 06:00:00,9.4,131.0,160.0,903.0,ST
WP2013_31,2013-11-07 06:00:00,9.4,131.0,160.0,903.0,ST
WP2013_31,2013-11-07 06:00:00,9.4,131.0,160.0,903.0,ST
WP2013_31,2013-11-07 12:00:00,10.2,129.0,170.0,895.0,ST
WP2013_31,2013-11-07 12:00:00,10.2,129.0,170.0,895.0,ST
WP2013_31,2013-11-07 12:00:00,10.2,129.0,170.0,895.0,ST
WP2013_31,2013-11-07 18:00:00,10.6,126.9,170.0,895.0,ST
WP2013_31,2013-11-07 18:00:00,10.6,126.9,170.0,895.0,ST
WP2013_31,2013-11-07 18:00:00,10.6,126.9,170.0,895.0,ST
WP2013_31,2013-11-08 00:00:00,11.0,124.7,165.0,899.0,ST
WP2013_31,2013-11-08 00:00:00,11.0,124.7,165.0,899.0,ST
WP2013_31,2013-11-08 00:00:00,11.0,124.7,165.0,899.0,ST
WP2013_31,2013-11-08 06:00:00,11.4,122.5,145.0,914.0,ST
WP2013_31,2013-11-08 06:00:00,11.4,122.5,145.0,914.0,ST
WP2013_31,2013-11-08 06:00:00,11.4,122.5,145.0,914.0,ST
WP2013_31,2013-11-08 12:00:00,11.8,120.4,130.0,926.0,ST
WP2013_31,2013-11-08 12:00:00,11.8,120.4,130.0,926.0,ST
WP2013_31,2013-11-08 12:00:00,11.8,120.4,130.0,926.0,ST
WP2013_31,2013-11-08 18:00:00,12.4,117.9,120.0,933.0,TY
WP2013_31,2013-11-08 18:00:00,12.4,117.9,120.0,933.0,TY
WP2013_31,2013-11-08 18:00:00,12.4,117.9,120.0,933.0,TY
WP2013_31,2013-11-09 00:00:00,12.6,116.2,115.0,937.0,TY
WP2013_31,2013-11-09 00:00:00,12.6,116.2,115.0,937.0,TY
WP2013_31,2013-11-09 00:00:00,12.6,116.2,115.0,937.0,TY
WP2013_31,2013-11-09 06:00:00,13.4,114.6,105.0,944.0,TY
WP2013_31,2013-11-09 06:00:00,13.4,114.6,105.0,944.0,TY
WP2013_31,2013-11-09 06:00:00,13.4,114.6,105.0,944.0,TY
WP2013_31,2013-11-09 12:00:00,14.5,113.1,100.0,948.0,TY
WP2013_31,2013-11-09 12:00:00,14.5,113.1,100.0,948.0,TY
WP2013_31,2013-11-09 12:00:00,14.5,113.1,100.0,948.0,TY
WP2013_31,2013-11-09 18:00:00,15.5,111.5,95.0,952.0,TY
WP2013_31,2013-11-09 18:00:00,15.5,111.5,95.0,952.0,TY
WP2013_31,2013-11-09 18:00:00,15.5,111.5,95.0,952.0,TY
WP2013_31,2013-11-10 00:00:00,16.5,110.1,90.0,956.0,TY
WP2013_31,2013-11-10 00:00:00,16.5,110.1,90.0,956.0,TY
WP2013_31,2013-11-10 00:00:00,16.5,110.1,90.0,956.0,TY
WP2013_31,2013-11-10 06:00:00,17.9,109.2,80.0,963.0,TY
WP2013_31,2013-11-10 06:00:00,17.9,109.2,80.0,963.0,TY
WP2013_31,2013-11-10 06:00:00,17.9,109.2,80.0,963.0,TY
WP2013_31,2013-11-10 12:00:00,19.3,108.0,80.0,963.0,TY
WP2013_31,2013-11-10 12:00:00,19.3,108.0,80.0,963.0,TY
WP2013_31,2013-11-10 12:00:00,19.3,108.0,80.0,963.0,TY
WP2013_31,2013-11-10 18:00:00,20.5,107.4,70.0,970.0,TY
WP2013_31,2013-11-10 18:00:00,20.5,107.4,70.0,970.0,TY
WP2013_31,2013-11-11 00:00:00,21.8,107.3,60.0,978.0,TS
WP2013_31,2013-11-11 00:00:00,21.8,107.3,60.0,978.0,TS
WP2013_31,2013-11-11 06:00:00,23.2,107.9,45.0,989.0,TS
WP2013_32,2013-11-11 12:00:00,6.5,129.6,15.0,1010.0,DB
WP2013_32,2013-11-11 18:00:00,7.0,128.2,15.0,1010.0,DB
WP2013_32,2013-11-12 00:00:00,7.5,126.8,15.0,1010.0,DB
WP2013_32,2013-11-12 06:00:00,8.1,125.3,15.0,1010.0,DB
WP2013_32,2013-11-12 12:00:00,8.8,123.7,15.0,1010.0,DB
WP2013_32,2013-11-12 18:00:00,9.6,122.3,20.0,1003.0,DB
WP2013_32,2013-11-13 00:00:00,10.4,120.9,20.0,1007.0,DB
WP2013_32,2013-11-13 06:00:00,11.6,119.3,20.0,1007.0,DB
WP2013_32,2013-11-13 12:00:00,11.4,117.7,25.0,1004.0,TD
WP2013_32,2013-11-13 18:00:00,11.5,116.2,25.0,1004.0,TD
WP2013_32,2013-11-14 00:00:00,12.0,114.5,25.0,1004.0,TD
WP2013_32,2013-11-14 06:00:00,11.8,113.0,25.0,1004.0,TD
WP2013_32,2013-11-14 12:00:00,11.8,111.5,30.0,1000.0,TD
WP2013_32,2013-11-14 18:00:00,11.8,110.2,25.0,1004.0,TD
WP2013_32,2013-11-15 00:00:00,12.3,108.8,25.0,1004.0,TD
WP2013_32,2013-11-15 06:00:00,12.0,107.0,20.0,1007.0,DB
WP2013_33,2013-12-02 18:00:00,15.0,138.5,20.0,1007.0,DB
WP2013_33,2013-12-03 00:00:00,15.3,138.1,20.0,1006.0,DB
WP2013_33,2013-12-03 06:00:00,15.5,138.5,25.0,1004.0,TD
WP2013_33,2013-12-03 12:00:00,15.7,138.8,30.0,1000.0,TD
WP2013_33,2013-12-03 18:00:00,15.8,139.0,30.0,1000.0,TD
WP2013_33,2013-12-04 00:00:00,15.5,139.1,25.0,1004.0,TD
WP2013_33,2013-12-04 06:00:00,15.3,139.2,20.0,1007.0,DB
WP2013_33,2013-12-04 12:00:00,15.3,138.9,20.0,1007.0,DB
